time,mag,cdi,mmi,dmin,place,earthquakeType,sig,tsunami,longitude,latitude,depth,country,id_e
10/7/2023 0:00:00,4.6,1.85,,246.6416,"11 km SSE of Asahi, Japan",earthquake,326,0,140.7052,35.6282,55.392,japan,"2023-07-10 00:00:00_11 km SSE of Asahi, Japan_earthquake_4.6_140.7052_35.6282"
10/7/2023 0:00:00,4.3,1.85,,265.768,"24 km ESE of Iwaki, Japan",earthquake,284,0,141.1363,36.9715,74.452,japan,"2023-07-10 00:00:00_24 km ESE of Iwaki, Japan_earthquake_4.3_141.1363_36.9715"
9/7/2023 0:00:00,4.4,1,,223.4008,"27 km SE of Shinmachi, Japan",earthquake,298,0,140.5887,35.03,57.634,japan,"2023-07-09 00:00:00_27 km SE of Shinmachi, Japan_earthquake_4.4_140.5887_35.03"
9/7/2023 0:00:00,4.6,2.7,,223.1784,"2 km N of Narutō, Japan",earthquake,326,0,140.4151,35.625,58.794,japan,"2023-07-09 00:00:00_2 km N of Narutō, Japan_earthquake_4.6_140.4151_35.625"
8/7/2023 0:00:00,4.3,1.85,,213.0592,"39 km ESE of Kamaishi, Japan",earthquake,284,0,142.2816,39.1156,59.376,japan,"2023-07-08 00:00:00_39 km ESE of Kamaishi, Japan_earthquake_4.3_142.2816_39.1156"
7/7/2023 0:00:00,4.2,1.85,,112.9792,"near the east coast of Honshu, Japan",earthquake,271,0,142.3189,40.4428,44.66,japan,"2023-07-07 00:00:00_near the east coast of Honshu, Japan_earthquake_4.2_142.3189_40.4428"
5/7/2023 0:00:00,4.6,1.85,,63.384,"15 km ENE of Shizunai-furukawachō, Japan",earthquake,326,0,142.552,42.3652,39.452,japan,"2023-07-05 00:00:00_15 km ENE of Shizunai-furukawachō, Japan_earthquake_4.6_142.552_42.3652"
5/7/2023 0:00:00,4.2,1.85,,186.26,"200 km SE of Hiroo, Japan",earthquake,271,0,144.7458,40.8396,10,japan,"2023-07-05 00:00:00_200 km SE of Hiroo, Japan_earthquake_4.2_144.7458_40.8396"
4/7/2023 0:00:00,4.6,1.85,,497.9536,"Bonin Islands, Japan region",earthquake,326,0,139.4805,28.6321,444.842,japan region,"2023-07-04 00:00:00_Bonin Islands, Japan region_earthquake_4.6_139.4805_28.6321"
4/7/2023 0:00:00,4,1.85,,109.9768,"near the west coast of Honshu, Japan",earthquake,246,0,139.8207,40.5013,186.35,japan,"2023-07-04 00:00:00_near the west coast of Honshu, Japan_earthquake_4.0_139.8207_40.5013"
1/7/2023 0:00:00,4.8,1.85,,282.448,"near the east coast of Honshu, Japan",earthquake,354,0,141.1134,35.5018,35.877,japan,"2023-07-01 00:00:00_near the east coast of Honshu, Japan_earthquake_4.8_141.1134_35.5018"
30/6/2023 0:00:00,4.3,3.1,3.267,243.528,"23 km SE of Takahagi, Japan",earthquake,284,0,140.9286,36.5965,55.121,japan,"2023-06-30 00:00:00_23 km SE of Takahagi, Japan_earthquake_4.3_140.9286_36.5965"
28/6/2023 0:00:00,4.6,3.1,3.267,298.1272,"49 km E of Hasaki, Japan",earthquake,326,0,141.3762,35.7558,35,japan,"2023-06-28 00:00:00_49 km E of Hasaki, Japan_earthquake_4.6_141.3762_35.7558"
28/6/2023 0:00:00,4.5,3.1,3.267,232.8528,None,earthquake,312,0,143.7065,39.961,10,None,2023-06-28 00:00:00_None_earthquake_4.5_143.7065_39.961
27/6/2023 0:00:00,5.8,1,2.493,288.7864,"Primor'ye, Russia",earthquake,518,0,134.0548,42.0873,442.589,russia,"2023-06-27 00:00:00_Primor'ye, Russia_earthquake_5.8_134.0548_42.0873"
25/6/2023 0:00:00,4.6,3.1,3.267,345.276,"Izu Islands, Japan region",earthquake,326,0,139.7601,30.0013,10,japan region,"2023-06-25 00:00:00_Izu Islands, Japan region_earthquake_4.6_139.7601_30.0013"
25/6/2023 0:00:00,5,3.1,3.267,355.1728,"Izu Islands, Japan region",earthquake,385,0,139.9913,29.9147,10,japan region,"2023-06-25 00:00:00_Izu Islands, Japan region_earthquake_5.0_139.9913_29.9147"
25/6/2023 0:00:00,4.4,3.1,3.267,404.8792,"Izu Islands, Japan region",earthquake,298,0,139.9142,29.4636,10,japan region,"2023-06-25 00:00:00_Izu Islands, Japan region_earthquake_4.4_139.9142_29.4636"
25/6/2023 0:00:00,5.3,3.1,3.267,358.064,None,earthquake,432,0,140.0448,29.8912,10,None,2023-06-25 00:00:00_None_earthquake_5.3_140.0448_29.8912
24/6/2023 0:00:00,4.4,3.1,3.267,547.66,"Bonin Islands, Japan region",earthquake,298,0,141.8674,28.5166,33.267,japan region,"2023-06-24 00:00:00_Bonin Islands, Japan region_earthquake_4.4_141.8674_28.5166"
24/6/2023 0:00:00,4,3.1,3.267,558.5576,"121 km ENE of Kuril’sk, Russia",earthquake,246,0,149.3899,45.4723,113.019,russia,"2023-06-24 00:00:00_121 km ENE of Kuril’sk, Russia_earthquake_4.0_149.3899_45.4723"
24/6/2023 0:00:00,4.1,3.1,3.267,317.6984,"86 km S of Shikotan, Russia",earthquake,259,0,146.7751,43.0201,41.83,russia,"2023-06-24 00:00:00_86 km S of Shikotan, Russia_earthquake_4.1_146.7751_43.0201"
24/6/2023 0:00:00,4.7,3.1,3.267,259.8744,"Izu Islands, Japan region",earthquake,340,0,142.4974,32.517,10,japan region,"2023-06-24 00:00:00_Izu Islands, Japan region_earthquake_4.7_142.4974_32.517"
24/6/2023 0:00:00,4.8,3.1,3.267,346.4992,"86 km E of Tomioka, Japan",earthquake,354,0,141.9901,37.2695,40.508,japan,"2023-06-24 00:00:00_86 km E of Tomioka, Japan_earthquake_4.8_141.9901_37.2695"
23/6/2023 0:00:00,4.3,3.1,3.267,256.2048,"Izu Islands, Japan region",earthquake,284,0,142.2678,32.1027,10,japan region,"2023-06-23 00:00:00_Izu Islands, Japan region_earthquake_4.3_142.2678_32.1027"
23/6/2023 0:00:00,4.5,3.1,3.267,872.1416,"Volcano Islands, Japan region",earthquake,312,0,141.3455,25.3595,135.511,japan region,"2023-06-23 00:00:00_Volcano Islands, Japan region_earthquake_4.5_141.3455_25.3595"
22/6/2023 0:00:00,5,4.3,3.267,69.8336,"2 km NE of Okinawa, Japan",earthquake,392,0,127.8177,26.3565,35,japan,"2023-06-22 00:00:00_2 km NE of Okinawa, Japan_earthquake_5.0_127.8177_26.3565"
22/6/2023 0:00:00,4.6,3.4,3.267,125.3224,"12 km NW of Yūbari, Japan",earthquake,326,0,141.8665,43.1229,159.932,japan,"2023-06-22 00:00:00_12 km NW of Yūbari, Japan_earthquake_4.6_141.8665_43.1229"
22/6/2023 0:00:00,4.6,1,3.267,202.8288,"132 km SE of Katsuura, Japan",earthquake,326,0,141.414,34.3625,10,japan,"2023-06-22 00:00:00_132 km SE of Katsuura, Japan_earthquake_4.6_141.414_34.3625"
22/6/2023 0:00:00,4.6,3.1,3.267,261.9872,"Izu Islands, Japan region",earthquake,326,0,142.5401,32.5805,10,japan region,"2023-06-22 00:00:00_Izu Islands, Japan region_earthquake_4.6_142.5401_32.5805"
22/6/2023 0:00:00,4.3,2,3.267,102.1928,"78 km ENE of Mutsu, Japan",earthquake,285,0,142.0708,41.5844,21.365,japan,"2023-06-22 00:00:00_78 km ENE of Mutsu, Japan_earthquake_4.3_142.0708_41.5844"
22/6/2023 0:00:00,4.4,3.1,3.267,209.1672,"147 km SE of Shinmachi, Japan",earthquake,298,0,141.5669,34.3023,10,japan,"2023-06-22 00:00:00_147 km SE of Shinmachi, Japan_earthquake_4.4_141.5669_34.3023"
22/6/2023 0:00:00,4,3.1,3.267,415.6656,"Izu Islands, Japan region",earthquake,246,0,139.6245,29.3687,310.68,japan region,"2023-06-22 00:00:00_Izu Islands, Japan region_earthquake_4.0_139.6245_29.3687"
20/6/2023 0:00:00,5,3.1,3.267,203.3848,"10 km ESE of Shingū, Japan",earthquake,385,0,136.084,33.692,411.641,japan,"2023-06-20 00:00:00_10 km ESE of Shingū, Japan_earthquake_5.0_136.084_33.692"
19/6/2023 0:00:00,4.2,3.1,3.267,157.1256,"3 km WSW of Koshigaya, Japan",earthquake,271,0,139.7498,35.8745,62.608,japan,"2023-06-19 00:00:00_3 km WSW of Koshigaya, Japan_earthquake_4.2_139.7498_35.8745"
19/6/2023 0:00:00,5,3.1,3.267,60.3816,"Hokkaido, Japan region",earthquake,386,0,142.8319,42.5016,72.057,japan region,"2023-06-19 00:00:00_Hokkaido, Japan region_earthquake_5.0_142.8319_42.5016"
19/6/2023 0:00:00,4.4,4.6,3.267,82.844,"16 km SSE of Kushima, Japan",earthquake,298,0,131.3027,31.3435,63.297,japan,"2023-06-19 00:00:00_16 km SSE of Kushima, Japan_earthquake_4.4_131.3027_31.3435"
18/6/2023 0:00:00,4.4,3.1,3.267,112.868,"49 km SE of Kushima, Japan",earthquake,298,0,131.551,31.125,44.971,japan,"2023-06-18 00:00:00_49 km SE of Kushima, Japan_earthquake_4.4_131.551_31.125"
18/6/2023 0:00:00,4.8,3.1,3.267,113.98,"50 km SE of Kushima, Japan",earthquake,355,0,131.5626,31.1228,35,japan,"2023-06-18 00:00:00_50 km SE of Kushima, Japan_earthquake_4.8_131.5626_31.1228"
18/6/2023 0:00:00,4.4,3.1,3.267,339.0488,"246 km SE of Hasaki, Japan",earthquake,298,0,143.079,34.4988,10,japan,"2023-06-18 00:00:00_246 km SE of Hasaki, Japan_earthquake_4.4_143.079_34.4988"
17/6/2023 0:00:00,4.8,3.1,3.267,201.4944,"165 km E of Noda, Japan",earthquake,354,0,143.7456,40.257,10,japan,"2023-06-17 00:00:00_165 km E of Noda, Japan_earthquake_4.8_143.7456_40.257"
17/6/2023 0:00:00,4.3,3.1,3.267,75.616,"19 km NNE of Itoigawa, Japan",earthquake,284,0,137.9395,37.1931,223.248,japan,"2023-06-17 00:00:00_19 km NNE of Itoigawa, Japan_earthquake_4.3_137.9395_37.1931"
17/6/2023 0:00:00,4.3,3.1,3.267,33.4712,"3 km S of Urakawa, Japan",earthquake,284,0,142.7791,42.1227,60.608,japan,"2023-06-17 00:00:00_3 km S of Urakawa, Japan_earthquake_4.3_142.7791_42.1227"
17/6/2023 0:00:00,5,2.7,3.267,80.7312,"83 km SSW of Honchō, Japan",earthquake,386,0,142.6085,41.4158,48.854,japan,"2023-06-17 00:00:00_83 km SSW of Honchō, Japan_earthquake_5.0_142.6085_41.4158"
17/6/2023 0:00:00,5.6,3.1,3.267,101.4144,"Hokkaido, Japan region",earthquake,485,0,142.7535,41.1544,34,japan region,"2023-06-17 00:00:00_Hokkaido, Japan region_earthquake_5.6_142.7535_41.1544"
17/6/2023 0:00:00,4.3,3.1,3.267,353.1712,"242 km ESE of Yamada, Japan",earthquake,284,0,144.7086,39.0645,10,japan,"2023-06-17 00:00:00_242 km ESE of Yamada, Japan_earthquake_4.3_144.7086_39.0645"
16/6/2023 0:00:00,4.4,3.1,3.267,200.0488,"3 km WNW of Sakura, Japan",earthquake,306,0,140.1945,35.7309,71.772,japan,"2023-06-16 00:00:00_3 km WNW of Sakura, Japan_earthquake_4.4_140.1945_35.7309"
16/6/2023 0:00:00,4.9,3.8,3.267,251.2008,"13 km SSW of Hasaki, Japan",earthquake,385,0,140.7607,35.6288,44.782,japan,"2023-06-16 00:00:00_13 km SSW of Hasaki, Japan_earthquake_4.9_140.7607_35.6288"
16/6/2023 0:00:00,4.1,3.1,3.267,459.7008,"Bonin Islands, Japan region",earthquake,259,0,139.4108,28.9831,410.969,japan region,"2023-06-16 00:00:00_Bonin Islands, Japan region_earthquake_4.1_139.4108_28.9831"
15/6/2023 0:00:00,4,3.1,3.267,29.1344,"28 km NNW of Yonakuni, Japan",earthquake,246,0,122.9359,24.7213,46.62,japan,"2023-06-15 00:00:00_28 km NNW of Yonakuni, Japan_earthquake_4.0_122.9359_24.7213"
15/6/2023 0:00:00,4.4,3.1,3.267,132.884,"194 km SSE of Katsuura, Japan",earthquake,298,0,141.1484,33.5388,37.613,japan,"2023-06-15 00:00:00_194 km SSE of Katsuura, Japan_earthquake_4.4_141.1484_33.5388"
14/6/2023 0:00:00,4.4,3.1,3.267,245.8632,"7 km ESE of Asahi, Japan",earthquake,298,0,140.7296,35.6895,51.922,japan,"2023-06-14 00:00:00_7 km ESE of Asahi, Japan_earthquake_4.4_140.7296_35.6895"
14/6/2023 0:00:00,4.6,3.1,3.267,264.2112,None,earthquake,326,0,130.4176,29.1261,27.835,None,2023-06-14 00:00:00_None_earthquake_4.6_130.4176_29.1261
14/6/2023 0:00:00,4.4,3.1,3.267,245.5296,"near the east coast of Honshu, Japan",earthquake,298,0,140.7184,35.6752,51.121,japan,"2023-06-14 00:00:00_near the east coast of Honshu, Japan_earthquake_4.4_140.7184_35.6752"
13/6/2023 0:00:00,4.2,3.1,3.267,362.1784,None,earthquake,271,0,142.8518,31.1189,21.8,None,2023-06-13 00:00:00_None_earthquake_4.2_142.8518_31.1189
11/6/2023 0:00:00,4,3.1,3.267,319.5888,"101 km ESE of Takahagi, Japan",earthquake,246,0,141.7687,36.3852,35,japan,"2023-06-11 00:00:00_101 km ESE of Takahagi, Japan_earthquake_4.0_141.7687_36.3852"
11/6/2023 0:00:00,6.2,6.4,4.999,118.3168,"20 km WSW of Biratori, Japan",earthquake,617,0,141.9005,42.5268,121,japan,"2023-06-11 00:00:00_20 km WSW of Biratori, Japan_earthquake_6.2_141.9005_42.5268"
10/6/2023 0:00:00,4.5,2.7,3.267,122.4312,"3 km NW of Inami, Japan",earthquake,312,0,135.1922,33.8345,47.279,japan,"2023-06-10 00:00:00_3 km NW of Inami, Japan_earthquake_4.5_135.1922_33.8345"
9/6/2023 0:00:00,4.6,3.1,3.267,535.5392,"153 km SE of Kuril’sk, Russia",earthquake,326,0,149.2866,44.2807,56.078,russia,"2023-06-09 00:00:00_153 km SE of Kuril’sk, Russia_earthquake_4.6_149.2866_44.2807"
8/6/2023 0:00:00,4.3,3.1,3.267,289.5648,"southeast of Shikoku, Japan",earthquake,284,0,132.0213,29.2789,10,japan,"2023-06-08 00:00:00_southeast of Shikoku, Japan_earthquake_4.3_132.0213_29.2789"
8/6/2023 0:00:00,4.4,3.1,3.267,325.5936,"near the east coast of Honshu, Japan",earthquake,298,0,141.6162,37.8888,71.647,japan,"2023-06-08 00:00:00_near the east coast of Honshu, Japan_earthquake_4.4_141.6162_37.8888"
8/6/2023 0:00:00,4.9,3.1,3.267,40.3656,"11 km SW of Makurazaki, Japan",earthquake,369,0,130.2253,31.2018,189.852,japan,"2023-06-08 00:00:00_11 km SW of Makurazaki, Japan_earthquake_4.9_130.2253_31.2018"
6/6/2023 0:00:00,4.5,3.1,3.267,323.8144,"107 km NE of Hasaki, Japan",earthquake,312,0,141.8062,36.2959,28.185,japan,"2023-06-06 00:00:00_107 km NE of Hasaki, Japan_earthquake_4.5_141.8062_36.2959"
6/6/2023 0:00:00,4.5,3.1,3.267,346.944,"off the east coast of Honshu, Japan",earthquake,312,0,142.0593,36.2453,27.696,japan,"2023-06-06 00:00:00_off the east coast of Honshu, Japan_earthquake_4.5_142.0593_36.2453"
6/6/2023 0:00:00,4.4,3.1,3.267,214.1712,None,earthquake,298,0,130.4853,29.5775,35,None,2023-06-06 00:00:00_None_earthquake_4.4_130.4853_29.5775
5/6/2023 0:00:00,4.3,3.1,3.267,226.0696,"35 km ESE of Ōfunato, Japan",earthquake,284,0,142.0628,38.9061,57.553,japan,"2023-06-05 00:00:00_35 km ESE of Ōfunato, Japan_earthquake_4.3_142.0628_38.9061"
5/6/2023 0:00:00,4.4,3.1,3.267,283.3376,"76 km E of Onagawa Chō, Japan",earthquake,298,0,142.3281,38.4328,41.107,japan,"2023-06-05 00:00:00_76 km E of Onagawa Chō, Japan_earthquake_4.4_142.3281_38.4328"
4/6/2023 0:00:00,4.5,3.1,3.267,369.74,"off the east coast of Honshu, Japan",earthquake,312,0,142.2694,37.2183,35,japan,"2023-06-04 00:00:00_off the east coast of Honshu, Japan_earthquake_4.5_142.2694_37.2183"
4/6/2023 0:00:00,4.8,4.1,3.267,189.4848,"5 km ENE of Honchō, Japan",earthquake,380,0,140.0502,35.7132,73.864,japan,"2023-06-04 00:00:00_5 km ENE of Honchō, Japan_earthquake_4.8_140.0502_35.7132"
4/6/2023 0:00:00,4.3,3.1,3.267,214.06,"8 km NW of Ōami, Japan",earthquake,284,0,140.2659,35.5771,54.626,japan,"2023-06-04 00:00:00_8 km NW of Ōami, Japan_earthquake_4.3_140.2659_35.5771"
4/6/2023 0:00:00,5,3.1,3.267,183.2576,"121 km SSE of Itoman, Japan",earthquake,385,0,128.2919,25.1816,10,japan,"2023-06-04 00:00:00_121 km SSE of Itoman, Japan_earthquake_5.0_128.2919_25.1816"
3/6/2023 0:00:00,4.3,3.1,3.267,194.8224,"near the south coast of western Honshu, Japan",earthquake,284,0,135.8148,33.0663,19.981,japan,"2023-06-03 00:00:00_near the south coast of western Honshu, Japan_earthquake_4.3_135.8148_33.0663"
3/6/2023 0:00:00,5,2.7,3.267,48.4832,"26 km SW of Urakawa, Japan",earthquake,385,0,142.5738,41.978,61.61,japan,"2023-06-03 00:00:00_26 km SW of Urakawa, Japan_earthquake_5.0_142.5738_41.978"
3/6/2023 0:00:00,4.2,3.1,3.267,241.4152,"Hokkaido, Japan region",earthquake,271,0,145.8768,42.8265,32.171,japan region,"2023-06-03 00:00:00_Hokkaido, Japan region_earthquake_4.2_145.8768_42.8265"
2/6/2023 0:00:00,4.2,3.1,3.267,95.7432,"73 km ESE of Katsuren-haebaru, Japan",earthquake,271,0,128.5121,25.9991,10,japan,"2023-06-02 00:00:00_73 km ESE of Katsuren-haebaru, Japan_earthquake_4.2_128.5121_25.9991"
2/6/2023 0:00:00,4.1,3.1,3.267,51.708,"21 km NW of Horokanai, Japan",earthquake,259,0,141.948,44.1434,215.628,japan,"2023-06-02 00:00:00_21 km NW of Horokanai, Japan_earthquake_4.1_141.948_44.1434"
1/6/2023 0:00:00,4.4,3.1,3.267,561.1152,"61 km WSW of Kurio, Japan",earthquake,298,0,129.8607,30.0056,10,japan,"2023-06-01 00:00:00_61 km WSW of Kurio, Japan_earthquake_4.4_129.8607_30.0056"
1/6/2023 0:00:00,4.5,3.1,3.267,485.2768,"Izu Islands, Japan region",earthquake,312,0,142.278,29.2837,10,japan region,"2023-06-01 00:00:00_Izu Islands, Japan region_earthquake_4.5_142.278_29.2837"
30/5/2023 0:00:00,4.1,3.1,4.1605,398.096,"67 km E of Shikotan, Russia",earthquake,259,0,147.5477,43.918,57.242,russia,"2023-05-30 00:00:00_67 km E of Shikotan, Russia_earthquake_4.1_147.5477_43.918"
30/5/2023 0:00:00,4.4,3.1,4.1605,57.268,"142 km SSE of Shimoda, Japan",earthquake,298,0,139.2833,33.4203,11.349,japan,"2023-05-30 00:00:00_142 km SSE of Shimoda, Japan_earthquake_4.4_139.2833_33.4203"
30/5/2023 0:00:00,4.6,3.1,4.1605,124.544,"58 km ENE of Anamizu, Japan",earthquake,326,0,137.4734,37.5033,10,japan,"2023-05-30 00:00:00_58 km ENE of Anamizu, Japan_earthquake_4.6_137.4734_37.5033"
30/5/2023 0:00:00,4.3,3.1,4.1605,341.384,None,earthquake,284,0,141.8637,37.4753,41.052,None,2023-05-30 00:00:00_None_earthquake_4.3_141.8637_37.4753
29/5/2023 0:00:00,4,3.1,4.1605,192.932,"140 km NNW of Hirara, Japan",earthquake,246,0,124.8884,26.0167,184.222,japan,"2023-05-29 00:00:00_140 km NNW of Hirara, Japan_earthquake_4.0_124.8884_26.0167"
29/5/2023 0:00:00,4.1,3.1,4.1605,212.0584,"near the east coast of Honshu, Japan",earthquake,259,0,140.2563,35.5444,59.473,japan,"2023-05-29 00:00:00_near the east coast of Honshu, Japan_earthquake_4.1_140.2563_35.5444"
28/5/2023 0:00:00,4.4,3.1,4.1605,257.6504,"6 km SSE of Hasaki, Japan",earthquake,298,0,140.865,35.6786,35,japan,"2023-05-28 00:00:00_6 km SSE of Hasaki, Japan_earthquake_4.4_140.865_35.6786"
28/5/2023 0:00:00,4.2,3.1,4.1605,482.4968,"238 km SE of Shikotan, Russia",earthquake,271,0,148.973,42.4278,10,russia,"2023-05-28 00:00:00_238 km SE of Shikotan, Russia_earthquake_4.2_148.973_42.4278"
28/5/2023 0:00:00,4.4,3.1,4.1605,80.3976,"83 km SSW of Honchō, Japan",earthquake,298,0,142.6376,41.4049,41.263,japan,"2023-05-28 00:00:00_83 km SSW of Honchō, Japan_earthquake_4.4_142.6376_41.4049"
28/5/2023 0:00:00,4.2,3.1,4.1605,205.8312,"98 km WSW of Kurio, Japan",earthquake,271,0,129.5368,29.83,127.439,japan,"2023-05-28 00:00:00_98 km WSW of Kurio, Japan_earthquake_4.2_129.5368_29.83"
27/5/2023 0:00:00,4.2,3.1,4.1605,646.5168,"235 km E of Kuril’sk, Russia",earthquake,271,0,150.8604,45.4738,48.869,russia,"2023-05-27 00:00:00_235 km E of Kuril’sk, Russia_earthquake_4.2_150.8604_45.4738"
27/5/2023 0:00:00,4.4,2,4.1605,256.4272,None,earthquake,298,0,140.8207,35.6226,44.103,None,2023-05-27 00:00:00_None_earthquake_4.4_140.8207_35.6226
27/5/2023 0:00:00,4.8,3.1,4.1605,174.9176,"57 km WSW of Kurio, Japan",earthquake,354,0,129.912,30.0021,10,japan,"2023-05-27 00:00:00_57 km WSW of Kurio, Japan_earthquake_4.8_129.912_30.0021"
26/5/2023 0:00:00,6.1,5.6,4.863,233.0752,"12 km SE of Narutō, Japan",earthquake,679,0,140.5224,35.5235,42,japan,"2023-05-26 00:00:00_12 km SE of Narutō, Japan_earthquake_6.1_140.5224_35.5235"
26/5/2023 0:00:00,4.4,3.1,4.1605,244.3064,None,earthquake,298,0,126.1657,25.7118,10,None,2023-05-26 00:00:00_None_earthquake_4.4_126.1657_25.7118
26/5/2023 0:00:00,4.2,3.1,4.1605,239.7472,"18 km SE of Yokoshiba, Japan",earthquake,271,0,140.606,35.5159,40.543,japan,"2023-05-26 00:00:00_18 km SE of Yokoshiba, Japan_earthquake_4.2_140.606_35.5159"
26/5/2023 0:00:00,4.6,3.8,4.1605,249.5328,None,earthquake,326,0,140.7136,35.5823,30.409,None,2023-05-26 00:00:00_None_earthquake_4.6_140.7136_35.5823
25/5/2023 0:00:00,4.6,3.1,4.1605,54.1544,"Hokkaido, Japan region",earthquake,326,0,142.517,42.1166,66.774,japan region,"2023-05-25 00:00:00_Hokkaido, Japan region_earthquake_4.6_142.517_42.1166"
25/5/2023 0:00:00,4.4,3.1,4.1605,193.8216,"Izu Islands, Japan region",earthquake,298,0,141.8022,32.627,10,japan region,"2023-05-25 00:00:00_Izu Islands, Japan region_earthquake_4.4_141.8022_32.627"
25/5/2023 0:00:00,4.3,3.1,4.1605,213.2816,"57 km SE of Shinmachi, Japan",earthquake,284,0,140.8268,34.8432,50.753,japan,"2023-05-25 00:00:00_57 km SE of Shinmachi, Japan_earthquake_4.3_140.8268_34.8432"
24/5/2023 0:00:00,4.3,3.1,4.1605,120.4296,"80 km WNW of Nagata, Japan",earthquake,284,0,129.653,30.6688,228.204,japan,"2023-05-24 00:00:00_80 km WNW of Nagata, Japan_earthquake_4.3_129.653_30.6688"
24/5/2023 0:00:00,4.3,3.1,4.1605,456.3648,"off the east coast of Honshu, Japan",earthquake,284,0,144.3597,37.5775,10,japan,"2023-05-24 00:00:00_off the east coast of Honshu, Japan_earthquake_4.3_144.3597_37.5775"
23/5/2023 0:00:00,4.1,3.1,4.1605,43.5904,"65 km SE of Honchō, Japan",earthquake,259,0,143.4504,41.6893,42.574,japan,"2023-05-23 00:00:00_65 km SE of Honchō, Japan_earthquake_4.1_143.4504_41.6893"
23/5/2023 0:00:00,4.1,3.1,4.1605,201.0496,"157 km NNW of Hirara, Japan",earthquake,259,0,124.7522,26.1332,233.204,japan,"2023-05-23 00:00:00_157 km NNW of Hirara, Japan_earthquake_4.1_124.7522_26.1332"
22/5/2023 0:00:00,4.2,3.1,4.1605,149.7864,"122 km NW of Tarama, Japan",earthquake,271,0,123.935,25.5257,165.426,japan,"2023-05-22 00:00:00_122 km NW of Tarama, Japan_earthquake_4.2_123.935_25.5257"
22/5/2023 0:00:00,5.1,3.1,4.1605,106.196,"41 km SE of Shimoda, Japan",earthquake,405,0,139.3058,34.4462,10,japan,"2023-05-22 00:00:00_41 km SE of Shimoda, Japan_earthquake_5.1_139.3058_34.4462"
22/5/2023 0:00:00,4.2,3.1,4.1605,142.5584,"18 km SSE of Kushiro, Japan",earthquake,271,0,144.4942,42.8308,59.49,japan,"2023-05-22 00:00:00_18 km SSE of Kushiro, Japan_earthquake_4.2_144.4942_42.8308"
22/5/2023 0:00:00,4.9,3.1,4.1605,96.188,"38 km SSE of Shimoda, Japan",earthquake,369,0,139.1655,34.377,6.421,japan,"2023-05-22 00:00:00_38 km SSE of Shimoda, Japan_earthquake_4.9_139.1655_34.377"
21/5/2023 0:00:00,4.4,3.1,4.1605,135.8864,"49 km NE of Anamizu, Japan",earthquake,298,0,137.3086,37.5373,10,japan,"2023-05-21 00:00:00_49 km NE of Anamizu, Japan_earthquake_4.4_137.3086_37.5373"
21/5/2023 0:00:00,5.5,3.1,3.489,225.6248,"135 km WSW of Kurio, Japan",earthquake,465,0,129.1107,29.8362,184,japan,"2023-05-21 00:00:00_135 km WSW of Kurio, Japan_earthquake_5.5_129.1107_29.8362"
21/5/2023 0:00:00,4.1,3.1,4.1605,353.1712,"88 km E of Minami-Sōma, Japan",earthquake,259,0,141.9801,37.6894,35,japan,"2023-05-21 00:00:00_88 km E of Minami-Sōma, Japan_earthquake_4.1_141.9801_37.6894"
21/5/2023 0:00:00,4.4,3.1,4.1605,137.1096,"16 km NNE of Miyako, Japan",earthquake,298,0,142.0005,39.7844,61.292,japan,"2023-05-21 00:00:00_16 km NNE of Miyako, Japan_earthquake_4.4_142.0005_39.7844"
21/5/2023 0:00:00,4.8,3.1,4.1605,355.284,"28 km SE of Shikotan, Russia",earthquake,354,0,146.9539,43.608,35,russia,"2023-05-21 00:00:00_28 km SE of Shikotan, Russia_earthquake_4.8_146.9539_43.608"
21/5/2023 0:00:00,4.3,3.1,4.1605,150.5648,"117 km ENE of Kuji, Japan",earthquake,284,0,143.0018,40.6649,44.45,japan,"2023-05-21 00:00:00_117 km ENE of Kuji, Japan_earthquake_4.3_143.0018_40.6649"
20/5/2023 0:00:00,4.6,2,4.1605,185.704,"19 km SE of Wada, Japan",earthquake,326,0,140.1882,34.939,81.514,japan,"2023-05-20 00:00:00_19 km SE of Wada, Japan_earthquake_4.6_140.1882_34.939"
19/5/2023 0:00:00,4.1,3.1,4.1605,684.436,"Bonin Islands, Japan region",earthquake,259,0,140.3382,26.9561,499.472,japan region,"2023-05-19 00:00:00_Bonin Islands, Japan region_earthquake_4.1_140.3382_26.9561"
19/5/2023 0:00:00,4.3,3.1,4.1605,404.6568,"Izu Islands, Japan region",earthquake,284,0,141.0944,29.6345,62.763,japan region,"2023-05-19 00:00:00_Izu Islands, Japan region_earthquake_4.3_141.0944_29.6345"
19/5/2023 0:00:00,4.5,3.1,4.1605,288.008,"216 km E of Miyako, Japan",earthquake,312,0,144.4629,39.6195,10,japan,"2023-05-19 00:00:00_216 km E of Miyako, Japan_earthquake_4.5_144.4629_39.6195"
18/5/2023 0:00:00,4.6,3.1,4.1605,162.352,"Shikoku, Japan",earthquake,326,0,132.2106,33.2888,62.252,japan,"2023-05-18 00:00:00_Shikoku, Japan_earthquake_4.6_132.2106_33.2888"
18/5/2023 0:00:00,4.3,3.1,4.1605,266.1016,"Izu Islands, Japan region",earthquake,284,0,141.7853,31.3961,25.728,japan region,"2023-05-18 00:00:00_Izu Islands, Japan region_earthquake_4.3_141.7853_31.3961"
17/5/2023 0:00:00,4.2,3.1,4.1605,430.1216,Kuril Islands,earthquake,271,0,147.9598,44.0402,53.45,kuril islands,2023-05-17 00:00:00_Kuril Islands_earthquake_4.2_147.9598_44.0402
17/5/2023 0:00:00,4.2,3.1,4.1605,543.6568,None,earthquake,271,0,149.3652,44.7279,35,None,2023-05-17 00:00:00_None_earthquake_4.2_149.3652_44.7279
17/5/2023 0:00:00,4.2,3.1,4.1605,528.6448,"130 km SE of Kuril’sk, Russia",earthquake,271,0,149.1944,44.5229,41.826,russia,"2023-05-17 00:00:00_130 km SE of Kuril’sk, Russia_earthquake_4.2_149.1944_44.5229"
16/5/2023 0:00:00,4.6,3.1,4.1605,61.6048,"Izu Islands, Japan region",earthquake,326,0,139.1696,33.3263,10,japan region,"2023-05-16 00:00:00_Izu Islands, Japan region_earthquake_4.6_139.1696_33.3263"
16/5/2023 0:00:00,4.3,3.1,4.1605,59.0472,"146 km S of Shimoda, Japan",earthquake,284,0,139.2314,33.3812,10,japan,"2023-05-16 00:00:00_146 km S of Shimoda, Japan_earthquake_4.3_139.2314_33.3812"
16/5/2023 0:00:00,4.7,3.1,4.1605,38.2528,"165 km SSE of Shimoda, Japan",earthquake,340,0,139.3961,33.2327,10,japan,"2023-05-16 00:00:00_165 km SSE of Shimoda, Japan_earthquake_4.7_139.3961_33.2327"
16/5/2023 0:00:00,4.2,3.1,4.1605,224.1792,"6 km SE of Hitachi, Japan",earthquake,271,0,140.7121,36.5622,75.701,japan,"2023-05-16 00:00:00_6 km SE of Hitachi, Japan_earthquake_4.2_140.7121_36.5622"
16/5/2023 0:00:00,4.2,3.1,4.1605,160.5728,"56 km NNW of Tarama, Japan",earthquake,271,0,124.4328,25.1156,83.188,japan,"2023-05-16 00:00:00_56 km NNW of Tarama, Japan_earthquake_4.2_124.4328_25.1156"
15/5/2023 0:00:00,4.6,3.1,4.1605,50.3736,"158 km S of Shimoda, Japan",earthquake,326,0,139.2745,33.2725,16.619,japan,"2023-05-15 00:00:00_158 km S of Shimoda, Japan_earthquake_4.6_139.2745_33.2725"
15/5/2023 0:00:00,4.2,3.1,4.1605,92.1848,"71 km ESE of Katsuren-haebaru, Japan",earthquake,271,0,128.5015,26.0298,10,japan,"2023-05-15 00:00:00_71 km ESE of Katsuren-haebaru, Japan_earthquake_4.2_128.5015_26.0298"
15/5/2023 0:00:00,4.4,3.1,4.1605,146.0056,"105 km WNW of Ie, Japan",earthquake,298,0,126.8256,27.0676,132.13,japan,"2023-05-15 00:00:00_105 km WNW of Ie, Japan_earthquake_4.4_126.8256_27.0676"
14/5/2023 0:00:00,4.8,3.1,4.1605,53.932,"154 km SSE of Shimoda, Japan",earthquake,354,0,139.2826,33.3091,10,japan,"2023-05-14 00:00:00_154 km SSE of Shimoda, Japan_earthquake_4.8_139.2826_33.3091"
14/5/2023 0:00:00,4.8,3.1,4.1605,51.9304,"162 km S of Shimoda, Japan",earthquake,354,0,139.2775,33.2405,14.129,japan,"2023-05-14 00:00:00_162 km S of Shimoda, Japan_earthquake_4.8_139.2775_33.2405"
14/5/2023 0:00:00,5.2,3.1,4.1605,54.0432,"143 km SSE of Shimoda, Japan",earthquake,416,0,139.3741,33.4328,10,japan,"2023-05-14 00:00:00_143 km SSE of Shimoda, Japan_earthquake_5.2_139.3741_33.4328"
14/5/2023 0:00:00,4.7,3.1,4.1605,50.04,"Izu Islands, Japan region",earthquake,340,0,139.3353,33.3194,18.995,japan region,"2023-05-14 00:00:00_Izu Islands, Japan region_earthquake_4.7_139.3353_33.3194"
14/5/2023 0:00:00,5.6,1,4.052,58.1576,"141 km SSE of Shimoda, Japan",earthquake,483,0,139.3262,33.4427,13.261,japan,"2023-05-14 00:00:00_141 km SSE of Shimoda, Japan_earthquake_5.6_139.3262_33.4427"
14/5/2023 0:00:00,4.4,3.1,4.1605,51.3744,"152 km SSE of Shimoda, Japan",earthquake,298,0,139.2949,33.3334,14.371,japan,"2023-05-14 00:00:00_152 km SSE of Shimoda, Japan_earthquake_4.4_139.2949_33.3334"
14/5/2023 0:00:00,5.8,3.1,4.014,47.1488,"156 km SSE of Shimoda, Japan",earthquake,518,0,139.3665,33.3132,12.769,japan,"2023-05-14 00:00:00_156 km SSE of Shimoda, Japan_earthquake_5.8_139.3665_33.3132"
14/5/2023 0:00:00,4.6,3.1,4.1605,53.4872,"157 km S of Shimoda, Japan",earthquake,326,0,139.2738,33.279,14.31,japan,"2023-05-14 00:00:00_157 km S of Shimoda, Japan_earthquake_4.6_139.2738_33.279"
14/5/2023 0:00:00,4.7,3.1,4.1605,45.1472,"157 km SSE of Shimoda, Japan",earthquake,340,0,139.3771,33.3052,19.914,japan,"2023-05-14 00:00:00_157 km SSE of Shimoda, Japan_earthquake_4.7_139.3771_33.3052"
14/5/2023 0:00:00,4.4,3.1,4.1605,56.0448,"Izu Islands, Japan region",earthquake,298,0,139.2439,33.2756,10,japan region,"2023-05-14 00:00:00_Izu Islands, Japan region_earthquake_4.4_139.2439_33.2756"
14/5/2023 0:00:00,4.1,3.1,4.1605,62.4944,"164 km S of Shimoda, Japan",earthquake,259,0,139.1515,33.2022,10,japan,"2023-05-14 00:00:00_164 km S of Shimoda, Japan_earthquake_4.1_139.1515_33.2022"
14/5/2023 0:00:00,5.4,1,4.269,50.3736,"149 km SSE of Shimoda, Japan",earthquake,449,0,139.3714,33.3767,18.623,japan,"2023-05-14 00:00:00_149 km SSE of Shimoda, Japan_earthquake_5.4_139.3714_33.3767"
14/5/2023 0:00:00,5,3.1,4.1605,37.6968,"158 km SSE of Shimoda, Japan",earthquake,385,0,139.4954,33.3252,9.473,japan,"2023-05-14 00:00:00_158 km SSE of Shimoda, Japan_earthquake_5.0_139.4954_33.3252"
14/5/2023 0:00:00,4.6,3.1,4.1605,53.2648,"Izu Islands, Japan region",earthquake,326,0,139.3133,33.3483,11.306,japan region,"2023-05-14 00:00:00_Izu Islands, Japan region_earthquake_4.6_139.3133_33.3483"
14/5/2023 0:00:00,4.1,3.1,4.1605,32.9152,"164 km SSE of Shimoda, Japan",earthquake,259,0,139.5148,33.2733,10,japan,"2023-05-14 00:00:00_164 km SSE of Shimoda, Japan_earthquake_4.1_139.5148_33.2733"
14/5/2023 0:00:00,4.2,3.1,4.1605,53.5984,"158 km S of Shimoda, Japan",earthquake,271,0,139.2717,33.277,10,japan,"2023-05-14 00:00:00_158 km S of Shimoda, Japan_earthquake_4.2_139.2717_33.277"
14/5/2023 0:00:00,5,3.1,4.1605,51.708,"145 km SSE of Shimoda, Japan",earthquake,385,0,139.3909,33.4166,10,japan,"2023-05-14 00:00:00_145 km SSE of Shimoda, Japan_earthquake_5.0_139.3909_33.4166"
14/5/2023 0:00:00,3.9,2.7,4.1605,146.1168,"45 km NE of Tonghae, South Korea",earthquake,236,0,129.4695,37.8336,12.995,south korea,"2023-05-14 00:00:00_45 km NE of Tonghae, South Korea_earthquake_3.9_129.4695_37.8336"
14/5/2023 0:00:00,4.2,3.1,4.1605,621.7192,"Bonin Islands, Japan region",earthquake,271,0,139.9727,27.5075,401.587,japan region,"2023-05-14 00:00:00_Bonin Islands, Japan region_earthquake_4.2_139.9727_27.5075"
14/5/2023 0:00:00,5,3.1,4.1605,475.4912,"54 km ENE of Kuril’sk, Russia",earthquake,385,0,148.5079,45.4259,135.61,russia,"2023-05-14 00:00:00_54 km ENE of Kuril’sk, Russia_earthquake_5.0_148.5079_45.4259"
14/5/2023 0:00:00,4.9,3.1,4.1605,53.932,"148 km SSE of Shimoda, Japan",earthquake,369,0,139.3249,33.3763,10,japan,"2023-05-14 00:00:00_148 km SSE of Shimoda, Japan_earthquake_4.9_139.3249_33.3763"
14/5/2023 0:00:00,5.1,3.1,4.1605,65.052,"144 km S of Shimoda, Japan",earthquake,400,0,139.1999,33.3944,10,japan,"2023-05-14 00:00:00_144 km S of Shimoda, Japan_earthquake_5.1_139.1999_33.3944"
13/5/2023 0:00:00,5.2,3.1,4.1605,174.3616,"53 km SW of Kurio, Japan",earthquake,416,0,129.9763,29.9909,10,japan,"2023-05-13 00:00:00_53 km SW of Kurio, Japan_earthquake_5.2_129.9763_29.9909"
13/5/2023 0:00:00,4.6,3.1,4.1605,766.8352,None,earthquake,326,0,142.3694,26.5639,26.33,None,2023-05-13 00:00:00_None_earthquake_4.6_142.3694_26.5639
12/5/2023 0:00:00,4.1,3.1,4.1605,140.3344,"10 km SW of Hachiōji, Japan",earthquake,259,0,139.2556,35.5849,136.75,japan,"2023-05-12 00:00:00_10 km SW of Hachiōji, Japan_earthquake_4.1_139.2556_35.5849"
12/5/2023 0:00:00,4.3,3.1,4.1605,142.1136,None,earthquake,285,0,132.3792,33.4635,55.487,None,2023-05-12 00:00:00_None_earthquake_4.3_132.3792_33.4635
12/5/2023 0:00:00,4.4,3.1,4.1605,564.2288,None,earthquake,298,0,142.6011,28.6275,10,None,2023-05-12 00:00:00_None_earthquake_4.4_142.6011_28.6275
11/5/2023 0:00:00,4.4,3.1,4.1605,170.2472,"Kyushu, Japan",earthquake,298,0,129.8965,30.0506,10.717,japan,"2023-05-11 00:00:00_Kyushu, Japan_earthquake_4.4_129.8965_30.0506"
11/5/2023 0:00:00,5.2,3.1,4.1605,37.0296,"23 km WNW of Hiroo, Japan",earthquake,417,0,143.0155,42.3313,61.946,japan,"2023-05-11 00:00:00_23 km WNW of Hiroo, Japan_earthquake_5.2_143.0155_42.3313"
11/5/2023 0:00:00,4.4,3.1,4.1605,512.9656,"116 km SE of Kuril’sk, Russia",earthquake,298,0,148.995,44.5474,47.899,russia,"2023-05-11 00:00:00_116 km SE of Kuril’sk, Russia_earthquake_4.4_148.995_44.5474"
10/5/2023 0:00:00,5.2,5.6,4.1605,180.2552,"2 km NW of Kamogawa, Japan",earthquake,479,0,140.0835,35.1101,39.691,japan,"2023-05-10 00:00:00_2 km NW of Kamogawa, Japan_earthquake_5.2_140.0835_35.1101"
10/5/2023 0:00:00,4.9,2.7,4.1605,144.8936,"51 km NE of Anamizu, Japan",earthquake,370,0,137.2542,37.6064,10,japan,"2023-05-10 00:00:00_51 km NE of Anamizu, Japan_earthquake_4.9_137.2542_37.6064"
10/5/2023 0:00:00,4.4,3.4,4.1605,184.2584,"2 km N of Honchō, Japan",earthquake,304,0,139.9899,35.724,70.507,japan,"2023-05-10 00:00:00_2 km N of Honchō, Japan_earthquake_4.4_139.9899_35.724"
10/5/2023 0:00:00,4,3.1,4.1605,226.0696,"Izu Islands, Japan region",earthquake,246,0,138.3477,31.4854,364.013,japan region,"2023-05-10 00:00:00_Izu Islands, Japan region_earthquake_4.0_138.3477_31.4854"
9/5/2023 0:00:00,4,3.1,4.1605,110.8664,"30 km E of Goj?nome, Japan",earthquake,246,0,140.4653,39.9027,154.709,japan,"2023-05-09 00:00:00_30 km E of Goj?nome, Japan_earthquake_4.0_140.4653_39.9027"
9/5/2023 0:00:00,4.2,3.1,4.1605,137.888,"10 km N of Miyako, Japan",earthquake,271,0,141.937,39.7436,62.235,japan,"2023-05-09 00:00:00_10 km N of Miyako, Japan_earthquake_4.2_141.937_39.7436"
9/5/2023 0:00:00,4.3,2,4.1605,129.6592,"near the east coast of Honshu, Japan",earthquake,285,0,142.1384,39.9598,52.506,japan,"2023-05-09 00:00:00_near the east coast of Honshu, Japan_earthquake_4.3_142.1384_39.9598"
9/5/2023 0:00:00,4.3,3.1,4.1605,76.3944,"55 km ENE of Misawa, Japan",earthquake,284,0,141.9398,40.9667,62.792,japan,"2023-05-09 00:00:00_55 km ENE of Misawa, Japan_earthquake_4.3_141.9398_40.9667"
9/5/2023 0:00:00,4,3.1,4.1605,846.4544,"Bonin Islands, Japan region",earthquake,246,0,139.7311,27.9999,454,japan region,"2023-05-09 00:00:00_Bonin Islands, Japan region_earthquake_4.0_139.7311_27.9999"
9/5/2023 0:00:00,4.4,3.1,4.1605,130.3264,"53 km NE of Anamizu, Japan",earthquake,298,0,137.39,37.5219,10,japan,"2023-05-09 00:00:00_53 km NE of Anamizu, Japan_earthquake_4.4_137.39_37.5219"
9/5/2023 0:00:00,4.8,3.4,4.1605,140.7792,"43 km NE of Anamizu, Japan",earthquake,355,0,137.2169,37.5372,4.863,japan,"2023-05-09 00:00:00_43 km NE of Anamizu, Japan_earthquake_4.8_137.2169_37.5372"
8/5/2023 0:00:00,4.3,3.1,4.1605,66.164,"248 km SSE of Tateyama, Japan",earthquake,284,0,140.4059,32.7878,77.73,japan,"2023-05-08 00:00:00_248 km SSE of Tateyama, Japan_earthquake_4.3_140.4059_32.7878"
8/5/2023 0:00:00,4.3,3.1,4.1605,132.4392,"70 km NNW of Itoigawa, Japan",earthquake,284,0,137.537,37.6125,9.603,japan,"2023-05-08 00:00:00_70 km NNW of Itoigawa, Japan_earthquake_4.3_137.537_37.6125"
8/5/2023 0:00:00,4.2,3.1,4.1605,177.2528,None,earthquake,272,0,140.0409,37.1603,126.576,None,2023-05-08 00:00:00_None_earthquake_4.2_140.0409_37.1603
8/5/2023 0:00:00,4.9,1,4.1605,133.44,"47 km NE of Anamizu, Japan",earthquake,369,0,137.3075,37.5099,5.996,japan,"2023-05-08 00:00:00_47 km NE of Anamizu, Japan_earthquake_4.9_137.3075_37.5099"
7/5/2023 0:00:00,4.1,3.1,4.1605,279.3344,"Izu Islands, Japan region",earthquake,259,0,139.8724,30.5965,115.962,japan region,"2023-05-07 00:00:00_Izu Islands, Japan region_earthquake_4.1_139.8724_30.5965"
6/5/2023 0:00:00,4.2,3.1,4.1605,218.0632,"86 km SW of Yudomari, Japan",earthquake,271,0,129.9756,29.5859,90.653,japan,"2023-05-06 00:00:00_86 km SW of Yudomari, Japan_earthquake_4.2_129.9756_29.5859"
6/5/2023 0:00:00,4.6,3.1,4.1605,1279.5784,"Volcano Islands, Japan region",earthquake,326,0,143.643,25.3221,10,japan region,"2023-05-06 00:00:00_Volcano Islands, Japan region_earthquake_4.6_143.643_25.3221"
6/5/2023 0:00:00,4.2,3.1,4.1605,363.8464,"Izu Islands, Japan region",earthquake,271,0,139.3929,29.257,406.213,japan region,"2023-05-06 00:00:00_Izu Islands, Japan region_earthquake_4.2_139.3929_29.257"
5/5/2023 0:00:00,4.8,3.1,4.1605,137.2208,"42 km NE of Anamizu, Japan",earthquake,354,0,137.2324,37.5062,10,japan,"2023-05-05 00:00:00_42 km NE of Anamizu, Japan_earthquake_4.8_137.2324_37.5062"
5/5/2023 0:00:00,4.5,3.1,4.1605,266.324,"58 km SE of Nemuro, Japan",earthquake,312,0,146.1184,42.9852,50.933,japan,"2023-05-05 00:00:00_58 km SE of Nemuro, Japan_earthquake_4.5_146.1184_42.9852"
5/5/2023 0:00:00,5.9,3.4,4.359,111.0888,"68 km ENE of Mutsu, Japan",earthquake,537,0,141.9826,41.5095,59,japan,"2023-05-05 00:00:00_68 km ENE of Mutsu, Japan_earthquake_5.9_141.9826_41.5095"
5/5/2023 0:00:00,5.6,7.2,6.776,133.2176,"43 km NE of Anamizu, Japan",earthquake,495,0,137.2752,37.4872,10,japan,"2023-05-05 00:00:00_43 km NE of Anamizu, Japan_earthquake_5.6_137.2752_37.4872"
5/5/2023 0:00:00,4.6,3.1,4.1605,170.9144,"5 km SSE of Yamada, Japan",earthquake,326,0,141.9781,39.42,62.467,japan,"2023-05-05 00:00:00_5 km SSE of Yamada, Japan_earthquake_4.6_141.9781_39.42"
5/5/2023 0:00:00,6.2,7.8,8.103,137.332,None,earthquake,692,0,137.2994,37.5476,10,None,2023-05-05 00:00:00_None_earthquake_6.2_137.2994_37.5476
5/5/2023 0:00:00,4.4,3.1,4.1605,108.3088,None,earthquake,298,0,142.1245,41.422,60.463,None,2023-05-05 00:00:00_None_earthquake_4.4_142.1245_41.422
5/5/2023 0:00:00,4.4,3.1,4.1605,138.3328,"41 km NE of Anamizu, Japan",earthquake,298,0,137.2187,37.5102,9.873,japan,"2023-05-05 00:00:00_41 km NE of Anamizu, Japan_earthquake_4.4_137.2187_37.5102"
5/5/2023 0:00:00,4.6,3.1,4.1605,125.656,"near the west coast of Honshu, Japan",earthquake,326,0,137.3978,37.4752,10,japan,"2023-05-05 00:00:00_near the west coast of Honshu, Japan_earthquake_4.6_137.3978_37.4752"
4/5/2023 0:00:00,4.3,3.1,4.1605,104.8616,"79 km SE of Katsuren-haebaru, Japan",earthquake,284,0,128.5195,25.9161,10,japan,"2023-05-04 00:00:00_79 km SE of Katsuren-haebaru, Japan_earthquake_4.3_128.5195_25.9161"
4/5/2023 0:00:00,4.2,3.1,4.1605,149.6752,"12 km NNE of Shikabe, Japan",earthquake,271,0,140.8805,42.1297,125.005,japan,"2023-05-04 00:00:00_12 km NNE of Shikabe, Japan_earthquake_4.2_140.8805_42.1297"
3/5/2023 0:00:00,4.8,3.1,4.1605,781.5136,"Bonin Islands, Japan region",earthquake,354,0,143.7528,26.9507,13.008,japan region,"2023-05-03 00:00:00_Bonin Islands, Japan region_earthquake_4.8_143.7528_26.9507"
3/5/2023 0:00:00,4.1,3.1,4.1605,363.9576,"off the east coast of Honshu, Japan",earthquake,259,0,142.2723,36.7108,31.844,japan,"2023-05-03 00:00:00_off the east coast of Honshu, Japan_earthquake_4.1_142.2723_36.7108"
3/5/2023 0:00:00,4.5,3.1,4.1605,104.4168,"108 km SE of Hiroo, Japan",earthquake,312,0,144.335,41.6883,32.986,japan,"2023-05-03 00:00:00_108 km SE of Hiroo, Japan_earthquake_4.5_144.335_41.6883"
2/5/2023 0:00:00,4.1,3.1,4.1605,122.9872,"Hokkaido, Japan region",earthquake,259,0,141.3335,44.7588,258.978,japan region,"2023-05-02 00:00:00_Hokkaido, Japan region_earthquake_4.1_141.3335_44.7588"
2/5/2023 0:00:00,4.4,3.1,4.1605,261.876,"39 km ESE of Takahagi, Japan",earthquake,298,0,141.1332,36.5894,45.267,japan,"2023-05-02 00:00:00_39 km ESE of Takahagi, Japan_earthquake_4.4_141.1332_36.5894"
2/5/2023 0:00:00,4.1,3.1,4.1605,33.36,"220 km SSE of Shimoda, Japan",earthquake,259,0,140.1079,32.9453,132.941,japan,"2023-05-02 00:00:00_220 km SSE of Shimoda, Japan_earthquake_4.1_140.1079_32.9453"
1/5/2023 0:00:00,4.7,3.1,4.1605,96.8552,"81 km ESE of Katsuren-haebaru, Japan",earthquake,340,0,128.6084,26.0156,10,japan,"2023-05-01 00:00:00_81 km ESE of Katsuren-haebaru, Japan_earthquake_4.7_128.6084_26.0156"
1/5/2023 0:00:00,5.3,2.7,4.1605,95.632,"Ryukyu Islands, Japan",earthquake,433,0,128.5201,26.0019,20.024,japan,"2023-05-01 00:00:00_Ryukyu Islands, Japan_earthquake_5.3_128.5201_26.0019"
1/5/2023 0:00:00,5.1,3.1,4.1605,93.964,"Ryukyu Islands, Japan",earthquake,400,0,128.5306,26.0202,16.2,japan,"2023-05-01 00:00:00_Ryukyu Islands, Japan_earthquake_5.1_128.5306_26.0202"
1/5/2023 0:00:00,5.9,3.1,3.893,93.0744,"Ryukyu Islands, Japan",earthquake,539,0,128.4753,26.0161,9,japan,"2023-05-01 00:00:00_Ryukyu Islands, Japan_earthquake_5.9_128.4753_26.0161"
1/5/2023 0:00:00,4.5,3.1,4.1605,102.9712,"79 km SE of Katsuren-haebaru, Japan",earthquake,312,0,128.5263,25.9261,13.621,japan,"2023-05-01 00:00:00_79 km SE of Katsuren-haebaru, Japan_earthquake_4.5_128.5263_25.9261"
1/5/2023 0:00:00,4.9,3.1,4.1605,98.6344,"85 km SE of Taira, Japan",earthquake,369,0,128.7003,26.0335,10,japan,"2023-05-01 00:00:00_85 km SE of Taira, Japan_earthquake_4.9_128.7003_26.0335"
1/5/2023 0:00:00,4.6,3.1,4.1605,99.9688,None,earthquake,326,0,128.5766,25.976,10,None,2023-05-01 00:00:00_None_earthquake_4.6_128.5766_25.976
1/5/2023 0:00:00,4.2,3.1,4.1605,338.2704,"81 km SSE of Onagawa Chō, Japan",earthquake,271,0,141.9374,37.8196,55.111,japan,"2023-05-01 00:00:00_81 km SSE of Onagawa Chō, Japan_earthquake_4.2_141.9374_37.8196"
1/5/2023 0:00:00,4.5,3.1,4.1605,97.3,"81 km ESE of Katsuren-haebaru, Japan",earthquake,312,0,128.6108,26.0121,10,japan,"2023-05-01 00:00:00_81 km ESE of Katsuren-haebaru, Japan_earthquake_4.5_128.6108_26.0121"
1/5/2023 0:00:00,5.3,2.2,3.279,103.1936,"80 km ESE of Katsuren-haebaru, Japan",earthquake,433,0,128.5511,25.9389,10,japan,"2023-05-01 00:00:00_80 km ESE of Katsuren-haebaru, Japan_earthquake_5.3_128.5511_25.9389"
1/5/2023 0:00:00,4.3,3.1,4.1605,335.1568,"near the east coast of Honshu, Japan",earthquake,284,0,141.9376,37.849,43.177,japan,"2023-05-01 00:00:00_near the east coast of Honshu, Japan_earthquake_4.3_141.9376_37.849"
1/5/2023 0:00:00,5,3.1,4.1605,94.2976,"72 km ESE of Katsuren-haebaru, Japan",earthquake,385,0,128.5116,26.012,14.769,japan,"2023-05-01 00:00:00_72 km ESE of Katsuren-haebaru, Japan_earthquake_5.0_128.5116_26.012"
1/5/2023 0:00:00,4.4,3.1,4.1605,95.076,"70 km ESE of Katsuren-haebaru, Japan",earthquake,298,0,128.4743,25.997,10,japan,"2023-05-01 00:00:00_70 km ESE of Katsuren-haebaru, Japan_earthquake_4.4_128.4743_25.997"
30/4/2023 0:00:00,4.5,2.4,,57.0456,"27 km WSW of Urakawa, Japan",earthquake,312,0,142.471,42.0642,68.408,japan,"2023-04-30 00:00:00_27 km WSW of Urakawa, Japan_earthquake_4.5_142.471_42.0642"
30/4/2023 0:00:00,4.4,2.2,,216.7288,"7 km SE of Funaishikawa, Japan",earthquake,298,0,140.6219,36.4188,70.585,japan,"2023-04-30 00:00:00_7 km SE of Funaishikawa, Japan_earthquake_4.4_140.6219_36.4188"
30/4/2023 0:00:00,4.3,2.4,,294.4576,"50 km SE of Hasaki, Japan",earthquake,284,0,141.2927,35.4696,35.744,japan,"2023-04-30 00:00:00_50 km SE of Hasaki, Japan_earthquake_4.3_141.2927_35.4696"
30/4/2023 0:00:00,4.3,2.4,,331.4872,"Izu Islands, Japan region",earthquake,284,0,139.5891,29.0077,392.269,japan region,"2023-04-30 00:00:00_Izu Islands, Japan region_earthquake_4.3_139.5891_29.0077"
30/4/2023 0:00:00,4.4,2.4,,236.1888,"95 km S of Yudomari, Japan",earthquake,298,0,130.3405,29.3809,35,japan,"2023-04-30 00:00:00_95 km S of Yudomari, Japan_earthquake_4.4_130.3405_29.3809"
30/4/2023 0:00:00,4.4,2.4,,262.0984,"47 km E of Ōarai, Japan",earthquake,298,0,141.1086,36.2566,39.39,japan,"2023-04-30 00:00:00_47 km E of Ōarai, Japan_earthquake_4.4_141.1086_36.2566"
29/4/2023 0:00:00,4.9,2.4,,89.516,"Ryukyu Islands, Japan",earthquake,369,0,128.5132,26.0572,10,japan,"2023-04-29 00:00:00_Ryukyu Islands, Japan_earthquake_4.9_128.5132_26.0572"
29/4/2023 0:00:00,4.7,2.4,,95.8544,"78 km ESE of Katsuren-haebaru, Japan",earthquake,340,0,128.5728,26.0136,10,japan,"2023-04-29 00:00:00_78 km ESE of Katsuren-haebaru, Japan_earthquake_4.7_128.5728_26.0136"
29/4/2023 0:00:00,4.6,1,,95.2984,"72 km ESE of Katsuren-haebaru, Japan",earthquake,326,0,128.4928,25.9983,10,japan,"2023-04-29 00:00:00_72 km ESE of Katsuren-haebaru, Japan_earthquake_4.6_128.4928_25.9983"
29/4/2023 0:00:00,4.4,2.4,,98.8568,"81 km ESE of Katsuren-haebaru, Japan",earthquake,298,0,128.5948,25.9914,10,japan,"2023-04-29 00:00:00_81 km ESE of Katsuren-haebaru, Japan_earthquake_4.4_128.5948_25.9914"
29/4/2023 0:00:00,4.4,2.4,,88.96,"58 km SE of Katsuren-haebaru, Japan",earthquake,298,0,128.3524,26.0359,10,japan,"2023-04-29 00:00:00_58 km SE of Katsuren-haebaru, Japan_earthquake_4.4_128.3524_26.0359"
28/4/2023 0:00:00,4.4,2.4,,100.9696,"82 km ESE of Katsuren-haebaru, Japan",earthquake,298,0,128.5989,25.973,13.602,japan,"2023-04-28 00:00:00_82 km ESE of Katsuren-haebaru, Japan_earthquake_4.4_128.5989_25.973"
28/4/2023 0:00:00,4.4,2.4,,94.8536,"158 km SSE of Tateyama, Japan",earthquake,298,0,140.5739,33.6853,60.202,japan,"2023-04-28 00:00:00_158 km SSE of Tateyama, Japan_earthquake_4.4_140.5739_33.6853"
28/4/2023 0:00:00,4.4,2.4,,42.9232,"20 km SW of Urakawa, Japan",earthquake,298,0,142.6398,42.0108,63.311,japan,"2023-04-28 00:00:00_20 km SW of Urakawa, Japan_earthquake_4.4_142.6398_42.0108"
28/4/2023 0:00:00,4.5,2.4,,153.3448,"Izu Islands, Japan region",earthquake,312,0,140.8457,32.043,66.601,japan region,"2023-04-28 00:00:00_Izu Islands, Japan region_earthquake_4.5_140.8457_32.043"
27/4/2023 0:00:00,4.4,2.4,,266.88,"21 km E of Iwaki, Japan",earthquake,298,0,141.1233,37.0818,62.8,japan,"2023-04-27 00:00:00_21 km E of Iwaki, Japan_earthquake_4.4_141.1233_37.0818"
27/4/2023 0:00:00,5.3,3.4,,87.292,"72 km SE of Ginoza, Japan",earthquake,434,0,128.5561,26.0902,10,japan,"2023-04-27 00:00:00_72 km SE of Ginoza, Japan_earthquake_5.3_128.5561_26.0902"
27/4/2023 0:00:00,4.5,2.6,,51.9304,"Ryukyu Islands, Japan",earthquake,312,0,128.1259,26.3864,29.339,japan,"2023-04-27 00:00:00_Ryukyu Islands, Japan_earthquake_4.5_128.1259_26.3864"
27/4/2023 0:00:00,4.9,2.4,,97.5224,"Ryukyu Islands, Japan",earthquake,369,0,128.5497,25.9913,10,japan,"2023-04-27 00:00:00_Ryukyu Islands, Japan_earthquake_4.9_128.5497_25.9913"
27/4/2023 0:00:00,4.6,2.4,,104.9728,"84 km ESE of Katsuren-haebaru, Japan",earthquake,326,0,128.5939,25.9338,10,japan,"2023-04-27 00:00:00_84 km ESE of Katsuren-haebaru, Japan_earthquake_4.6_128.5939_25.9338"
27/4/2023 0:00:00,4.4,2.4,,95.2984,"79 km ESE of Katsuren-haebaru, Japan",earthquake,298,0,128.5922,26.025,10,japan,"2023-04-27 00:00:00_79 km ESE of Katsuren-haebaru, Japan_earthquake_4.4_128.5922_26.025"
27/4/2023 0:00:00,4.4,2.4,,88.7376,"71 km SE of Ginoza, Japan",earthquake,298,0,128.5333,26.0704,13.067,japan,"2023-04-27 00:00:00_71 km SE of Ginoza, Japan_earthquake_4.4_128.5333_26.0704"
27/4/2023 0:00:00,4.2,2.4,,112.6456,"66 km ENE of Mutsu, Japan",earthquake,271,0,141.9177,41.572,67.808,japan,"2023-04-27 00:00:00_66 km ENE of Mutsu, Japan_earthquake_4.2_141.9177_41.572"
26/4/2023 0:00:00,4.4,2.4,,76.728,"82 km E of Taira, Japan",earthquake,298,0,128.9741,26.5494,18.358,japan,"2023-04-26 00:00:00_82 km E of Taira, Japan_earthquake_4.4_128.9741_26.5494"
26/4/2023 0:00:00,4.3,2.4,,441.5752,Kuril Islands,earthquake,284,0,148.1011,44.4781,75.01,kuril islands,2023-04-26 00:00:00_Kuril Islands_earthquake_4.3_148.1011_44.4781
26/4/2023 0:00:00,4.2,2.4,,54.7104,"25 km WSW of Urakawa, Japan",earthquake,271,0,142.5007,42.0682,71.167,japan,"2023-04-26 00:00:00_25 km WSW of Urakawa, Japan_earthquake_4.2_142.5007_42.0682"
25/4/2023 0:00:00,4,2.4,,343.8304,"73 km E of Minami-Sōma, Japan",earthquake,246,0,141.8026,37.6894,51.46,japan,"2023-04-25 00:00:00_73 km E of Minami-Sōma, Japan_earthquake_4.0_141.8026_37.6894"
25/4/2023 0:00:00,4.4,2.4,,101.6368,"near the east coast of Honshu, Japan",earthquake,298,0,141.8156,40.0764,57.995,japan,"2023-04-25 00:00:00_near the east coast of Honshu, Japan_earthquake_4.4_141.8156_40.0764"
25/4/2023 0:00:00,4.3,2.4,,212.392,"135 km E of Nishinoomote, Japan",earthquake,284,0,132.4054,30.5894,14.871,japan,"2023-04-25 00:00:00_135 km E of Nishinoomote, Japan_earthquake_4.3_132.4054_30.5894"
24/4/2023 0:00:00,4.9,2,,125.9896,None,earthquake,370,0,142.7653,28.1087,10,None,2023-04-24 00:00:00_None_earthquake_4.9_142.7653_28.1087
23/4/2023 0:00:00,4.4,2.4,,85.8464,"Bonin Islands, Japan region",earthquake,298,0,141.8636,26.3759,42.213,japan region,"2023-04-23 00:00:00_Bonin Islands, Japan region_earthquake_4.4_141.8636_26.3759"
22/4/2023 0:00:00,4.3,2.4,,215.6168,"135 km ESE of Nishinoomote, Japan",earthquake,284,0,132.3846,30.5012,10,japan,"2023-04-22 00:00:00_135 km ESE of Nishinoomote, Japan_earthquake_4.3_132.3846_30.5012"
22/4/2023 0:00:00,4.3,2.4,,212.392,"135 km E of Nishinoomote, Japan",earthquake,284,0,132.4042,30.5878,14.194,japan,"2023-04-22 00:00:00_135 km E of Nishinoomote, Japan_earthquake_4.3_132.4042_30.5878"
22/4/2023 0:00:00,4.8,2.4,,211.28,"southeast of Shikoku, Japan",earthquake,354,0,132.4116,30.6207,13.425,japan,"2023-04-22 00:00:00_southeast of Shikoku, Japan_earthquake_4.8_132.4116_30.6207"
22/4/2023 0:00:00,4.8,2.4,,209.612,None,earthquake,354,0,132.3989,30.6317,10,None,2023-04-22 00:00:00_None_earthquake_4.8_132.3989_30.6317
22/4/2023 0:00:00,4.4,2.4,,284.2272,"19 km E of Tomioka, Japan",earthquake,298,0,141.2384,37.3471,48.89,japan,"2023-04-22 00:00:00_19 km E of Tomioka, Japan_earthquake_4.4_141.2384_37.3471"
21/4/2023 0:00:00,4,2.4,,208.3888,"131 km E of Nishinoomote, Japan",earthquake,246,0,132.3651,30.602,10,japan,"2023-04-21 00:00:00_131 km E of Nishinoomote, Japan_earthquake_4.0_132.3651_30.602"
21/4/2023 0:00:00,4.6,2.4,,83.956,"Bonin Islands, Japan region",earthquake,326,0,141.4023,26.806,56.229,japan region,"2023-04-21 00:00:00_Bonin Islands, Japan region_earthquake_4.6_141.4023_26.806"
21/4/2023 0:00:00,4.5,2.4,,207.4992,"southeast of Shikoku, Japan",earthquake,312,0,132.3235,30.5552,10,japan,"2023-04-21 00:00:00_southeast of Shikoku, Japan_earthquake_4.5_132.3235_30.5552"
21/4/2023 0:00:00,4.6,2.4,,202.94,"129 km E of Nishinoomote, Japan",earthquake,326,0,132.3499,30.6799,10,japan,"2023-04-21 00:00:00_129 km E of Nishinoomote, Japan_earthquake_4.6_132.3499_30.6799"
21/4/2023 0:00:00,4.2,2.4,,116.3152,"50 km ENE of Kuji, Japan",earthquake,271,0,142.3185,40.3631,46.33,japan,"2023-04-21 00:00:00_50 km ENE of Kuji, Japan_earthquake_4.2_142.3185_40.3631"
21/4/2023 0:00:00,4.5,2.4,,72.7248,None,earthquake,312,0,123.4561,24.9834,112.681,None,2023-04-21 00:00:00_None_earthquake_4.5_123.4561_24.9834
21/4/2023 0:00:00,4.2,2.4,,32.5816,"Kyushu, Japan",earthquake,271,0,130.3113,31.242,167.003,japan,"2023-04-21 00:00:00_Kyushu, Japan_earthquake_4.2_130.3113_31.242"
21/4/2023 0:00:00,4.5,2.4,,202.384,"128 km E of Nishinoomote, Japan",earthquake,312,0,132.3406,30.6773,10,japan,"2023-04-21 00:00:00_128 km E of Nishinoomote, Japan_earthquake_4.5_132.3406_30.6773"
20/4/2023 0:00:00,4.7,2.4,,211.3912,"136 km E of Nishinoomote, Japan",earthquake,340,0,132.4145,30.6226,16.679,japan,"2023-04-20 00:00:00_136 km E of Nishinoomote, Japan_earthquake_4.7_132.4145_30.6226"
20/4/2023 0:00:00,4.1,2.4,,217.952,"141 km E of Nishinoomote, Japan",earthquake,259,0,132.4598,30.5707,12.904,japan,"2023-04-20 00:00:00_141 km E of Nishinoomote, Japan_earthquake_4.1_132.4598_30.5707"
20/4/2023 0:00:00,4.6,2.4,,210.168,"134 km E of Nishinoomote, Japan",earthquake,326,0,132.3939,30.6127,10,japan,"2023-04-20 00:00:00_134 km E of Nishinoomote, Japan_earthquake_4.6_132.3939_30.6127"
19/4/2023 0:00:00,4.6,2.4,,180.4776,"Izu Islands, Japan region",earthquake,326,0,140.762,31.7002,86.596,japan region,"2023-04-19 00:00:00_Izu Islands, Japan region_earthquake_4.6_140.762_31.7002"
18/4/2023 0:00:00,4.2,2.4,,247.3088,None,earthquake,271,0,141.459,31.3768,35,None,2023-04-18 00:00:00_None_earthquake_4.2_141.459_31.3768
16/4/2023 0:00:00,4.3,2.4,,296.348,"40 km ESE of Tomioka, Japan",earthquake,284,0,141.4325,37.1899,42.953,japan,"2023-04-16 00:00:00_40 km ESE of Tomioka, Japan_earthquake_4.3_141.4325_37.1899"
16/4/2023 0:00:00,4.6,2.4,,288.8976,"117 km N of Hirara, Japan",earthquake,326,0,125.4371,25.8585,10,japan,"2023-04-16 00:00:00_117 km N of Hirara, Japan_earthquake_4.6_125.4371_25.8585"
16/4/2023 0:00:00,4.8,2.4,,131.3272,"Bonin Islands, Japan region",earthquake,354,0,143.4449,27.4665,14.898,japan region,"2023-04-16 00:00:00_Bonin Islands, Japan region_earthquake_4.8_143.4449_27.4665"
15/4/2023 0:00:00,4,2.4,,471.5992,"59 km ENE of Kuril’sk, Russia",earthquake,246,0,148.5138,45.5264,141.668,russia,"2023-04-15 00:00:00_59 km ENE of Kuril’sk, Russia_earthquake_4.0_148.5138_45.5264"
15/4/2023 0:00:00,4.4,2.7,,205.6088,"45 km ESE of Ōtsuchi, Japan",earthquake,298,0,142.4061,39.2516,55.085,japan,"2023-04-15 00:00:00_45 km ESE of Ōtsuchi, Japan_earthquake_4.4_142.4061_39.2516"
13/4/2023 0:00:00,4.7,2.4,,637.732,"210 km E of Kuril’sk, Russia",earthquake,340,0,150.5565,45.1088,53.239,russia,"2023-04-13 00:00:00_210 km E of Kuril’sk, Russia_earthquake_4.7_150.5565_45.1088"
13/4/2023 0:00:00,4.4,2.4,,393.7592,"137 km E of Tomioka, Japan",earthquake,298,0,142.5675,37.4421,26.32,japan,"2023-04-13 00:00:00_137 km E of Tomioka, Japan_earthquake_4.4_142.5675_37.4421"
12/4/2023 0:00:00,4.3,2.4,,262.5432,"28 km NNE of Nemuro, Japan",earthquake,284,0,145.7574,43.5428,101.411,japan,"2023-04-12 00:00:00_28 km NNE of Nemuro, Japan_earthquake_4.3_145.7574_43.5428"
12/4/2023 0:00:00,4.3,2.4,,274.9976,None,earthquake,284,0,141.2152,37.0881,60.211,None,2023-04-12 00:00:00_None_earthquake_4.3_141.2152_37.0881
11/4/2023 0:00:00,4.6,2.4,,543.9904,"Bonin Islands, Japan region",earthquake,326,0,142.4821,28.7791,10,japan region,"2023-04-11 00:00:00_Bonin Islands, Japan region_earthquake_4.6_142.4821_28.7791"
11/4/2023 0:00:00,4.3,3.1,,213.3928,"7 km NW of Ōami, Japan",earthquake,288,0,140.2589,35.5656,60.834,japan,"2023-04-11 00:00:00_7 km NW of Ōami, Japan_earthquake_4.3_140.2589_35.5656"
11/4/2023 0:00:00,4.6,2.4,,81.176,"20 km S of Honchō, Japan",earthquake,326,0,143.6978,42.6258,101.142,japan,"2023-04-11 00:00:00_20 km S of Honchō, Japan_earthquake_4.6_143.6978_42.6258"
11/4/2023 0:00:00,3.9,2.4,,109.7544,"near the west coast of Honshu, Japan",earthquake,234,0,137.1531,37.0589,265.239,japan,"2023-04-11 00:00:00_near the west coast of Honshu, Japan_earthquake_3.9_137.1531_37.0589"
10/4/2023 0:00:00,4.4,2.4,,296.2368,"80 km NE of Hasaki, Japan",earthquake,298,0,141.4874,36.2269,28.975,japan,"2023-04-10 00:00:00_80 km NE of Hasaki, Japan_earthquake_4.4_141.4874_36.2269"
9/4/2023 0:00:00,4,2.4,,286.2288,"72 km E of Ōarai, Japan",earthquake,246,0,141.3865,36.3005,36.319,japan,"2023-04-09 00:00:00_72 km E of Ōarai, Japan_earthquake_4.0_141.3865_36.3005"
8/4/2023 0:00:00,4.2,2.4,,30.024,"15 km NNE of Honchō, Japan",earthquake,271,0,142.9919,42.2553,69.216,japan,"2023-04-08 00:00:00_15 km NNE of Honchō, Japan_earthquake_4.2_142.9919_42.2553"
8/4/2023 0:00:00,4,2.4,,131.3272,"3 km SSE of Kōnosu, Japan",earthquake,246,0,139.5358,36.0445,61.277,japan,"2023-04-08 00:00:00_3 km SSE of Kōnosu, Japan_earthquake_4.0_139.5358_36.0445"
8/4/2023 0:00:00,4.3,2.4,,76.3944,"Bonin Islands, Japan region",earthquake,284,0,141.4383,26.9269,56.517,japan region,"2023-04-08 00:00:00_Bonin Islands, Japan region_earthquake_4.3_141.4383_26.9269"
8/4/2023 0:00:00,4,2.4,,357.8416,"Izu Islands, Japan region",earthquake,246,0,139.1684,29.9345,379.057,japan region,"2023-04-08 00:00:00_Izu Islands, Japan region_earthquake_4.0_139.1684_29.9345"
8/4/2023 0:00:00,4.3,2.4,,1242.9936,None,earthquake,284,0,142.0466,25.8218,35,None,2023-04-08 00:00:00_None_earthquake_4.3_142.0466_25.8218
7/4/2023 0:00:00,4.6,2.4,,259.096,"114 km NE of Hirara, Japan",earthquake,326,0,126.1397,25.5056,57.216,japan,"2023-04-07 00:00:00_114 km NE of Hirara, Japan_earthquake_4.6_126.1397_25.5056"
7/4/2023 0:00:00,4.1,2.4,,294.124,"62 km ESE of Iwaki, Japan",earthquake,259,0,141.4873,36.7558,75.385,japan,"2023-04-07 00:00:00_62 km ESE of Iwaki, Japan_earthquake_4.1_141.4873_36.7558"
6/4/2023 0:00:00,4.9,2.4,,461.2576,"93 km S of Kuril’sk, Russia",earthquake,369,0,147.8092,44.391,93.126,russia,"2023-04-06 00:00:00_93 km S of Kuril’sk, Russia_earthquake_4.9_147.8092_44.391"
6/4/2023 0:00:00,4.7,2.4,,690.8856,"Bonin Islands, Japan region",earthquake,340,0,141.3241,27.0214,58.762,japan region,"2023-04-06 00:00:00_Bonin Islands, Japan region_earthquake_4.7_141.3241_27.0214"
5/4/2023 0:00:00,4.2,2.4,,651.632,Kuril Islands,earthquake,271,0,150.697,45.0234,46.354,kuril islands,2023-04-05 00:00:00_Kuril Islands_earthquake_4.2_150.697_45.0234
4/4/2023 0:00:00,4.2,2.4,,30.58,"6 km NE of Toyota, Japan",earthquake,271,0,137.2091,35.1178,42.089,japan,"2023-04-04 00:00:00_6 km NE of Toyota, Japan_earthquake_4.2_137.2091_35.1178"
4/4/2023 0:00:00,4,2.4,,292.6784,"31 km SSE of Onagawa Chō, Japan",earthquake,246,0,141.5798,38.1846,54.654,japan,"2023-04-04 00:00:00_31 km SSE of Onagawa Chō, Japan_earthquake_4.0_141.5798_38.1846"
4/4/2023 0:00:00,4.6,2.4,,171.1368,"Hokkaido, Japan region",earthquake,326,0,144.9347,42.8125,73.955,japan region,"2023-04-04 00:00:00_Hokkaido, Japan region_earthquake_4.6_144.9347_42.8125"
4/4/2023 0:00:00,5,2.4,,72.9472,"Bonin Islands, Japan region",earthquake,385,0,141.4555,27.0045,54.458,japan region,"2023-04-04 00:00:00_Bonin Islands, Japan region_earthquake_5.0_141.4555_27.0045"
4/4/2023 0:00:00,4.3,2.4,,603.9272,"193 km E of Kuril’sk, Russia",earthquake,284,0,150.3116,45.5263,35.719,russia,"2023-04-04 00:00:00_193 km E of Kuril’sk, Russia_earthquake_4.3_150.3116_45.5263"
4/4/2023 0:00:00,4,2.4,,220.3984,"15 km NNW of Kashima-shi, Japan",earthquake,246,0,140.6022,36.1027,82.838,japan,"2023-04-04 00:00:00_15 km NNW of Kashima-shi, Japan_earthquake_4.0_140.6022_36.1027"
4/4/2023 0:00:00,4.3,2.4,,118.5392,"17 km SSE of Nishinoomote, Japan",earthquake,284,0,131.1001,30.5969,43.858,japan,"2023-04-04 00:00:00_17 km SSE of Nishinoomote, Japan_earthquake_4.3_131.1001_30.5969"
3/4/2023 0:00:00,4.5,2.4,,690.3296,"Bonin Islands, Japan region",earthquake,312,0,141.3343,27.0279,86.639,japan region,"2023-04-03 00:00:00_Bonin Islands, Japan region_earthquake_4.5_141.3343_27.0279"
2/4/2023 0:00:00,4.4,0,,294.2352,"near the east coast of Honshu, Japan",earthquake,298,0,141.4699,36.2554,39.261,japan,"2023-04-02 00:00:00_near the east coast of Honshu, Japan_earthquake_4.4_141.4699_36.2554"
2/4/2023 0:00:00,4,2.4,,36.4736,"Izu Islands, Japan region",earthquake,246,0,139.5237,33.3356,172.107,japan region,"2023-04-02 00:00:00_Izu Islands, Japan region_earthquake_4.0_139.5237_33.3356"
2/4/2023 0:00:00,4.2,2.4,,211.28,"1 km S of Funaishikawa, Japan",earthquake,271,0,140.5643,36.45,64.665,japan,"2023-04-02 00:00:00_1 km S of Funaishikawa, Japan_earthquake_4.2_140.5643_36.45"
1/4/2023 0:00:00,4.2,2.4,,537.7632,"157 km SE of Kuril’sk, Russia",earthquake,271,0,149.3145,44.246,10,russia,"2023-04-01 00:00:00_157 km SE of Kuril’sk, Russia_earthquake_4.2_149.3145_44.246"
1/4/2023 0:00:00,4.6,2.4,,199.7152,"near the west coast of Honshu, Japan",earthquake,326,0,138.7642,38.2883,15.222,japan,"2023-04-01 00:00:00_near the west coast of Honshu, Japan_earthquake_4.6_138.7642_38.2883"
30/3/2023 0:00:00,4.2,3.1,3.25,226.7368,"101 km ESE of Kushimoto, Japan",earthquake,271,0,136.7305,33.0314,409.989,japan,"2023-03-30 00:00:00_101 km ESE of Kushimoto, Japan_earthquake_4.2_136.7305_33.0314"
30/3/2023 0:00:00,4.1,3.1,3.25,341.94,"Izu Islands, Japan region",earthquake,259,0,142.4286,30.9813,10,japan region,"2023-03-30 00:00:00_Izu Islands, Japan region_earthquake_4.1_142.4286_30.9813"
29/3/2023 0:00:00,4.2,3.1,3.25,151.4544,None,earthquake,271,0,144.9584,42.2589,40.118,None,2023-03-29 00:00:00_None_earthquake_4.2_144.9584_42.2589
29/3/2023 0:00:00,4.1,3.1,3.25,52.82,"18 km SW of Takayama, Japan",earthquake,259,0,137.0943,36.0301,254.661,japan,"2023-03-29 00:00:00_18 km SW of Takayama, Japan_earthquake_4.1_137.0943_36.0301"
29/3/2023 0:00:00,4.8,3.1,3.25,287.3408,"Bonin Islands, Japan region",earthquake,354,0,139.4485,27.9796,500.093,japan region,"2023-03-29 00:00:00_Bonin Islands, Japan region_earthquake_4.8_139.4485_27.9796"
29/3/2023 0:00:00,4.9,3.1,3.25,278.4448,"243 km W of Kurio, Japan",earthquake,369,0,127.8929,30.3104,10,japan,"2023-03-29 00:00:00_243 km W of Kurio, Japan_earthquake_4.9_127.8929_30.3104"
29/3/2023 0:00:00,4.9,3.1,3.25,150.3424,"Bonin Islands, Japan region",earthquake,369,0,141.479,28.2988,58.562,japan region,"2023-03-29 00:00:00_Bonin Islands, Japan region_earthquake_4.9_141.479_28.2988"
28/3/2023 0:00:00,4.2,3.1,3.25,135.3304,"near the west coast of Honshu, Japan",earthquake,271,0,137.2608,37.5022,2.976,japan,"2023-03-28 00:00:00_near the west coast of Honshu, Japan_earthquake_4.2_137.2608_37.5022"
28/3/2023 0:00:00,4.3,3.1,3.25,324.704,"170 km ESE of Hasaki, Japan",earthquake,284,0,142.4931,35.0129,10,japan,"2023-03-28 00:00:00_170 km ESE of Hasaki, Japan_earthquake_4.3_142.4931_35.0129"
28/3/2023 0:00:00,6,3.8,3.771,100.9696,"Hokkaido, Japan region",earthquake,560,0,142.8148,41.1434,37,japan region,"2023-03-28 00:00:00_Hokkaido, Japan region_earthquake_6.0_142.8148_41.1434"
28/3/2023 0:00:00,3.9,3.1,3.25,122.7648,"3 km WNW of Sano, Japan",earthquake,234,0,139.5527,36.3306,133.562,japan,"2023-03-28 00:00:00_3 km WNW of Sano, Japan_earthquake_3.9_139.5527_36.3306"
26/3/2023 0:00:00,4.2,3.1,3.25,279.668,None,earthquake,271,0,141.7243,38.3236,60.397,None,2023-03-26 00:00:00_None_earthquake_4.2_141.7243_38.3236
26/3/2023 0:00:00,4.9,3.1,3.25,277.6664,"23 km ESE of Onagawa Chō, Japan",earthquake,371,0,141.6768,38.3345,60.162,japan,"2023-03-26 00:00:00_23 km ESE of Onagawa Chō, Japan_earthquake_4.9_141.6768_38.3345"
25/3/2023 0:00:00,4.1,3.1,3.25,342.2736,"Izu Islands, Japan region",earthquake,259,0,140.2352,30.0494,116.748,japan region,"2023-03-25 00:00:00_Izu Islands, Japan region_earthquake_4.1_140.2352_30.0494"
24/3/2023 0:00:00,4.2,3.1,3.25,320.3672,"Izu Islands, Japan region",earthquake,271,0,141.9049,29.9765,10,japan region,"2023-03-24 00:00:00_Izu Islands, Japan region_earthquake_4.2_141.9049_29.9765"
24/3/2023 0:00:00,5,3.1,3.25,317.5872,None,earthquake,385,0,141.8183,29.9441,10,None,2023-03-24 00:00:00_None_earthquake_5.0_141.8183_29.9441
24/3/2023 0:00:00,4.6,3.1,3.25,320.1448,None,earthquake,326,0,141.8987,29.9747,10,None,2023-03-24 00:00:00_None_earthquake_4.6_141.8987_29.9747
24/3/2023 0:00:00,4.2,3.1,3.25,316.2528,"Izu Islands, Japan region",earthquake,271,0,141.7901,29.9288,10,japan region,"2023-03-24 00:00:00_Izu Islands, Japan region_earthquake_4.2_141.7901_29.9288"
24/3/2023 0:00:00,5.3,3.1,2.752,323.8144,"Izu Islands, Japan region",earthquake,432,0,141.8525,30.0034,28.558,japan region,"2023-03-24 00:00:00_Izu Islands, Japan region_earthquake_5.3_141.8525_30.0034"
24/3/2023 0:00:00,4.7,3.1,3.25,321.7016,"Izu Islands, Japan region",earthquake,340,0,141.8327,29.9832,10,japan region,"2023-03-24 00:00:00_Izu Islands, Japan region_earthquake_4.7_141.8327_29.9832"
24/3/2023 0:00:00,4.4,3.1,3.25,324.9264,"Izu Islands, Japan region",earthquake,298,0,141.9097,30.0185,10,japan region,"2023-03-24 00:00:00_Izu Islands, Japan region_earthquake_4.4_141.9097_30.0185"
24/3/2023 0:00:00,4.7,4.3,3.25,191.9312,"7 km NNE of Tomobe, Japan",earthquake,352,0,140.3434,36.4058,83.707,japan,"2023-03-24 00:00:00_7 km NNE of Tomobe, Japan_earthquake_4.7_140.3434_36.4058"
23/3/2023 0:00:00,4.6,3.1,3.25,324.3704,"Izu Islands, Japan region",earthquake,326,0,141.8769,30.0109,10,japan region,"2023-03-23 00:00:00_Izu Islands, Japan region_earthquake_4.6_141.8769_30.0109"
22/3/2023 0:00:00,4.3,3.1,3.25,169.2464,"98 km ENE of Noda, Japan",earthquake,284,0,142.9516,40.2909,42.804,japan,"2023-03-22 00:00:00_98 km ENE of Noda, Japan_earthquake_4.3_142.9516_40.2909"
22/3/2023 0:00:00,4.2,3.1,3.25,157.5704,"142 km SE of Shima, Japan",earthquake,271,0,137.7463,33.3043,344.304,japan,"2023-03-22 00:00:00_142 km SE of Shima, Japan_earthquake_4.2_137.7463_33.3043"
22/3/2023 0:00:00,5.6,3.4,3.25,185.4816,None,earthquake,485,0,143.1497,40.2815,22,None,2023-03-22 00:00:00_None_earthquake_5.6_143.1497_40.2815
22/3/2023 0:00:00,4.4,3.1,3.25,166.244,"near the east coast of Honshu, Japan",earthquake,298,0,142.9504,40.3731,38.265,japan,"2023-03-22 00:00:00_near the east coast of Honshu, Japan_earthquake_4.4_142.9504_40.3731"
22/3/2023 0:00:00,4.6,3.1,3.25,243.528,"102 km S of Yudomari, Japan",earthquake,326,0,130.4585,29.3124,35,japan,"2023-03-22 00:00:00_102 km S of Yudomari, Japan_earthquake_4.6_130.4585_29.3124"
20/3/2023 0:00:00,4.5,3.1,3.25,37.808,"18 km NNE of Urakawa, Japan",earthquake,312,0,142.9042,42.2981,84.777,japan,"2023-03-20 00:00:00_18 km NNE of Urakawa, Japan_earthquake_4.5_142.9042_42.2981"
20/3/2023 0:00:00,4.6,3.1,3.25,371.0744,"138 km ENE of Hasaki, Japan",earthquake,326,0,142.3012,36.0825,10,japan,"2023-03-20 00:00:00_138 km ENE of Hasaki, Japan_earthquake_4.6_142.3012_36.0825"
20/3/2023 0:00:00,4.2,3.1,3.25,314.8072,"Izu Islands, Japan region",earthquake,271,0,141.7547,29.9119,14.435,japan region,"2023-03-20 00:00:00_Izu Islands, Japan region_earthquake_4.2_141.7547_29.9119"
20/3/2023 0:00:00,4.9,3.1,3.25,319.3664,"Izu Islands, Japan region",earthquake,369,0,142.1293,29.978,10,japan region,"2023-03-20 00:00:00_Izu Islands, Japan region_earthquake_4.9_142.1293_29.978"
20/3/2023 0:00:00,4.6,2,3.25,265.8792,"28 km SSE of Hasaki, Japan",earthquake,326,0,140.9403,35.455,31.285,japan,"2023-03-20 00:00:00_28 km SSE of Hasaki, Japan_earthquake_4.6_140.9403_35.455"
18/3/2023 0:00:00,4.8,3.1,3.25,323.8144,"Izu Islands, Japan region",earthquake,354,0,142.0008,30.0141,10,japan region,"2023-03-18 00:00:00_Izu Islands, Japan region_earthquake_4.8_142.0008_30.0141"
18/3/2023 0:00:00,4.4,3.1,3.25,314.9184,"Izu Islands, Japan region",earthquake,298,0,141.7383,29.9106,10.113,japan region,"2023-03-18 00:00:00_Izu Islands, Japan region_earthquake_4.4_141.7383_29.9106"
18/3/2023 0:00:00,4.4,3.1,3.25,315.5856,None,earthquake,298,0,141.7748,29.9208,10,None,2023-03-18 00:00:00_None_earthquake_4.4_141.7748_29.9208
17/3/2023 0:00:00,4.4,3.1,3.25,285.6728,"Bonin Islands, Japan region",earthquake,298,0,139.7267,28.4643,391.554,japan region,"2023-03-17 00:00:00_Bonin Islands, Japan region_earthquake_4.4_139.7267_28.4643"
16/3/2023 0:00:00,4.3,3.1,3.25,73.0584,"Bonin Islands, Japan region",earthquake,284,0,142.8417,27.3946,11.878,japan region,"2023-03-16 00:00:00_Bonin Islands, Japan region_earthquake_4.3_142.8417_27.3946"
14/3/2023 0:00:00,4.3,4.1,3.25,150.2312,"3 km ENE of Sugito, Japan",earthquake,293,0,139.7601,36.0485,67.95,japan,"2023-03-14 00:00:00_3 km ENE of Sugito, Japan_earthquake_4.3_139.7601_36.0485"
14/3/2023 0:00:00,4.3,3.1,3.25,327.1504,"71 km SE of Onagawa Chō, Japan",earthquake,284,0,141.9044,37.9164,50,japan,"2023-03-14 00:00:00_71 km SE of Onagawa Chō, Japan_earthquake_4.3_141.9044_37.9164"
14/3/2023 0:00:00,4.2,1,3.25,205.0528,"7 km NNW of Chōnan, Japan",earthquake,271,0,140.2166,35.4658,64.834,japan,"2023-03-14 00:00:00_7 km NNW of Chōnan, Japan_earthquake_4.2_140.2166_35.4658"
14/3/2023 0:00:00,4.4,3.1,3.25,60.3816,"Bonin Islands, Japan region",earthquake,298,0,142.0775,26.5592,35,japan region,"2023-03-14 00:00:00_Bonin Islands, Japan region_earthquake_4.4_142.0775_26.5592"
13/3/2023 0:00:00,4.5,3.1,3.25,571.3456,Kuril Islands,earthquake,312,0,149.3228,44.6462,35,kuril islands,2023-03-13 00:00:00_Kuril Islands_earthquake_4.5_149.3228_44.6462
13/3/2023 0:00:00,4.3,3.1,3.25,120.8744,"eastern Honshu, Japan",earthquake,284,0,141.7168,39.8224,68.142,japan,"2023-03-13 00:00:00_eastern Honshu, Japan_earthquake_4.3_141.7168_39.8224"
13/3/2023 0:00:00,4.6,3.1,3.25,575.7936,"138 km ESE of Kuril’sk, Russia",earthquake,326,0,149.3487,44.5443,35,russia,"2023-03-13 00:00:00_138 km ESE of Kuril’sk, Russia_earthquake_4.6_149.3487_44.5443"
12/3/2023 0:00:00,4.3,3.1,3.25,238.6352,None,earthquake,284,0,130.8592,29.3854,34.279,None,2023-03-12 00:00:00_None_earthquake_4.3_130.8592_29.3854
12/3/2023 0:00:00,4.1,3.1,3.25,213.0592,"11 km ESE of Nakashibetsu, Japan",earthquake,259,0,145.103,43.5116,134.304,japan,"2023-03-12 00:00:00_11 km ESE of Nakashibetsu, Japan_earthquake_4.1_145.103_43.5116"
12/3/2023 0:00:00,4.2,3.1,3.25,175.2512,"near the east coast of Honshu, Japan",earthquake,271,0,142.3764,39.5736,88.63,japan,"2023-03-12 00:00:00_near the east coast of Honshu, Japan_earthquake_4.2_142.3764_39.5736"
12/3/2023 0:00:00,4.7,3.1,3.25,229.072,"88 km SSE of Koshima, Japan",earthquake,340,0,130.7241,29.4559,35,japan,"2023-03-12 00:00:00_88 km SSE of Koshima, Japan_earthquake_4.7_130.7241_29.4559"
12/3/2023 0:00:00,4.4,3.1,3.25,206.832,"Bonin Islands, Japan region",earthquake,298,0,142.4009,28.9524,22.378,japan region,"2023-03-12 00:00:00_Bonin Islands, Japan region_earthquake_4.4_142.4009_28.9524"
11/3/2023 0:00:00,4.8,3.1,3.25,268.4368,"Izu Islands, Japan region",earthquake,354,0,141.7547,31.3438,10,japan region,"2023-03-11 00:00:00_Izu Islands, Japan region_earthquake_4.8_141.7547_31.3438"
11/3/2023 0:00:00,4.9,2,3.25,134.1072,"86 km WNW of Yomitan, Japan",earthquake,370,0,126.936,26.676,98.535,japan,"2023-03-11 00:00:00_86 km WNW of Yomitan, Japan_earthquake_4.9_126.936_26.676"
11/3/2023 0:00:00,4,3.1,3.25,260.9864,"7 km SW of Shiroishi, Japan",earthquake,246,0,140.5604,37.9532,117.062,japan,"2023-03-11 00:00:00_7 km SW of Shiroishi, Japan_earthquake_4.0_140.5604_37.9532"
11/3/2023 0:00:00,4.2,3.1,3.25,267.992,"Izu Islands, Japan region",earthquake,271,0,141.749,31.3442,10,japan region,"2023-03-11 00:00:00_Izu Islands, Japan region_earthquake_4.2_141.749_31.3442"
10/3/2023 0:00:00,4.8,2.7,3.25,25.4648,"6 km NNE of Honch?, Japan",earthquake,355,0,142.9465,42.182,58.269,japan,"2023-03-10 00:00:00_6 km NNE of Honch?, Japan_earthquake_4.8_142.9465_42.182"
10/3/2023 0:00:00,4.6,3.1,3.25,295.9032,"Bonin Islands, Japan region",earthquake,326,0,139.6131,28.4772,459.711,japan region,"2023-03-10 00:00:00_Bonin Islands, Japan region_earthquake_4.6_139.6131_28.4772"
10/3/2023 0:00:00,4.6,4.3,3.25,195.3784,"near the east coast of Honshu, Japan",earthquake,334,0,140.1093,35.7034,53.717,japan,"2023-03-10 00:00:00_near the east coast of Honshu, Japan_earthquake_4.6_140.1093_35.7034"
10/3/2023 0:00:00,4.5,3.1,3.25,630.0592,"217 km E of Kuril’sk, Russia",earthquake,312,0,150.6327,45.4593,54.001,russia,"2023-03-10 00:00:00_217 km E of Kuril’sk, Russia_earthquake_4.5_150.6327_45.4593"
9/3/2023 0:00:00,4.6,2,3.25,222.5112,"111 km ESE of Shinmachi, Japan",earthquake,326,0,141.38,34.6381,10,japan,"2023-03-09 00:00:00_111 km ESE of Shinmachi, Japan_earthquake_4.6_141.38_34.6381"
9/3/2023 0:00:00,4,3.1,3.25,144.56,"60 km NW of Tarama, Japan",earthquake,246,0,124.2878,25.0565,140.832,japan,"2023-03-09 00:00:00_60 km NW of Tarama, Japan_earthquake_4.0_124.2878_25.0565"
9/3/2023 0:00:00,3.9,3.1,3.25,125.9896,"Hokkaido, Japan region",earthquake,234,0,141.4391,44.8952,271.807,japan region,"2023-03-09 00:00:00_Hokkaido, Japan region_earthquake_3.9_141.4391_44.8952"
8/3/2023 0:00:00,4.3,3.1,3.25,350.5024,"Izu Islands, Japan region",earthquake,284,0,138.7777,30.0769,428.522,japan region,"2023-03-08 00:00:00_Izu Islands, Japan region_earthquake_4.3_138.7777_30.0769"
8/3/2023 0:00:00,4.1,3.1,3.25,399.3192,"175 km ESE of Iwaki, Japan",earthquake,259,0,142.6587,36.3674,10,japan,"2023-03-08 00:00:00_175 km ESE of Iwaki, Japan_earthquake_4.1_142.6587_36.3674"
8/3/2023 0:00:00,4.5,3.1,3.25,201.7168,"2 km N of Mito, Japan",earthquake,312,0,140.4492,36.3756,56.674,japan,"2023-03-08 00:00:00_2 km N of Mito, Japan_earthquake_4.5_140.4492_36.3756"
6/3/2023 0:00:00,4,3.1,3.25,110.7552,"10 km ENE of Shima, Japan",earthquake,246,0,136.9453,34.3536,339.681,japan,"2023-03-06 00:00:00_10 km ENE of Shima, Japan_earthquake_4.0_136.9453_34.3536"
6/3/2023 0:00:00,5.2,3.1,3.25,120.8744,"73 km SSE of Kushiro, Japan",earthquake,416,0,144.5598,42.3233,41.152,japan,"2023-03-06 00:00:00_73 km SSE of Kushiro, Japan_earthquake_5.2_144.5598_42.3233"
6/3/2023 0:00:00,4.5,3.1,3.25,120.9856,"34 km SSE of Tomakomai, Japan",earthquake,312,0,141.764,42.3499,126.71,japan,"2023-03-06 00:00:00_34 km SSE of Tomakomai, Japan_earthquake_4.5_141.764_42.3499"
5/3/2023 0:00:00,4.5,3.1,3.25,419.5576,"86 km E of Shikotan, Russia",earthquake,312,0,147.8016,43.8111,35,russia,"2023-03-05 00:00:00_86 km E of Shikotan, Russia_earthquake_4.5_147.8016_43.8111"
4/3/2023 0:00:00,4.6,3.1,3.25,296.904,None,earthquake,326,0,142.5315,24.4326,33.499,None,2023-03-04 00:00:00_None_earthquake_4.6_142.5315_24.4326
4/3/2023 0:00:00,4.9,3.1,3.25,182.1456,"123 km SSE of Itoman, Japan",earthquake,369,0,128.3415,25.1919,10,japan,"2023-03-04 00:00:00_123 km SSE of Itoman, Japan_earthquake_4.9_128.3415_25.1919"
3/3/2023 0:00:00,4.6,3.1,3.25,80.5088,"Bonin Islands, Japan region",earthquake,326,0,142.9603,27.3128,18.276,japan region,"2023-03-03 00:00:00_Bonin Islands, Japan region_earthquake_4.6_142.9603_27.3128"
3/3/2023 0:00:00,4.2,3.1,3.25,299.0168,"72 km NNE of Otrada, Russia",earthquake,271,0,146.2709,44.6474,178.585,russia,"2023-03-03 00:00:00_72 km NNE of Otrada, Russia_earthquake_4.2_146.2709_44.6474"
28/2/2023 0:00:00,4.1,2.3,3.7785,146.6728,"northwest of the Ryukyu Islands, Japan",earthquake,259,0,126.8241,27.0982,10,japan,"2023-02-28 00:00:00_northwest of the Ryukyu Islands, Japan_earthquake_4.1_126.8241_27.0982"
28/2/2023 0:00:00,4.7,2.3,3.7785,260.208,"20 km NE of Hasaki, Japan",earthquake,340,0,140.9826,35.8736,44.433,japan,"2023-02-28 00:00:00_20 km NE of Hasaki, Japan_earthquake_4.7_140.9826_35.8736"
28/2/2023 0:00:00,4.2,2.3,3.7785,21.128,"2 km SSE of Kuroda, Japan",earthquake,271,0,136.7977,35.3309,300.763,japan,"2023-02-28 00:00:00_2 km SSE of Kuroda, Japan_earthquake_4.2_136.7977_35.3309"
28/2/2023 0:00:00,4,2.3,3.7785,279.2232,None,earthquake,246,0,139.5243,27.9494,494.497,None,2023-02-28 00:00:00_None_earthquake_4.0_139.5243_27.9494
28/2/2023 0:00:00,4.8,2.3,3.7785,110.5328,"69 km S of Kushiro, Japan",earthquake,354,0,144.4147,42.3525,74.866,japan,"2023-02-28 00:00:00_69 km S of Kushiro, Japan_earthquake_4.8_144.4147_42.3525"
28/2/2023 0:00:00,4.5,2.3,3.7785,247.7536,"9 km ESE of Asahi, Japan",earthquake,312,0,140.7378,35.6758,44.173,japan,"2023-02-28 00:00:00_9 km ESE of Asahi, Japan_earthquake_4.5_140.7378_35.6758"
28/2/2023 0:00:00,4.1,2.3,3.7785,246.0856,"104 km S of Koshima, Japan",earthquake,259,0,130.5327,29.2903,35.659,japan,"2023-02-28 00:00:00_104 km S of Koshima, Japan_earthquake_4.1_130.5327_29.2903"
28/2/2023 0:00:00,5.2,2.3,3.7785,177.5864,"276 km SSE of Katsuura, Japan",earthquake,416,0,141.7018,32.932,10,japan,"2023-02-28 00:00:00_276 km SSE of Katsuura, Japan_earthquake_5.2_141.7018_32.932"
27/2/2023 0:00:00,4.1,2.3,3.7785,163.9088,"46 km SE of Koseda, Japan",earthquake,259,0,131.0091,30.1103,10,japan,"2023-02-27 00:00:00_46 km SE of Koseda, Japan_earthquake_4.1_131.0091_30.1103"
27/2/2023 0:00:00,4.6,2.3,3.7785,260.764,"54 km ENE of Onagawa Ch?, Japan",earthquake,326,0,142.0511,38.5684,56.039,japan,"2023-02-27 00:00:00_54 km ENE of Onagawa Ch?, Japan_earthquake_4.6_142.0511_38.5684"
27/2/2023 0:00:00,4.3,2.3,3.7785,173.472,"Izu Islands, Japan region",earthquake,284,0,141.5167,32.5003,20.349,japan region,"2023-02-27 00:00:00_Izu Islands, Japan region_earthquake_4.3_141.5167_32.5003"
26/2/2023 0:00:00,4.4,2.3,3.7785,318.3656,"86 km NE of Otrada, Russia",earthquake,298,0,146.5059,44.6989,138.029,russia,"2023-02-26 00:00:00_86 km NE of Otrada, Russia_earthquake_4.4_146.5059_44.6989"
26/2/2023 0:00:00,4.2,2.3,3.7785,279.2232,"140 km SSE of Nemuro, Japan",earthquake,271,0,146.5158,42.2682,10,japan,"2023-02-26 00:00:00_140 km SSE of Nemuro, Japan_earthquake_4.2_146.5158_42.2682"
26/2/2023 0:00:00,4.5,2.3,3.7785,248.7544,"Volcano Islands, Japan region",earthquake,312,0,140.9707,25.135,131.434,japan region,"2023-02-26 00:00:00_Volcano Islands, Japan region_earthquake_4.5_140.9707_25.135"
26/2/2023 0:00:00,4.2,2.3,3.7785,311.5824,"46 km E of Namie, Japan",earthquake,271,0,141.5225,37.4449,46.468,japan,"2023-02-26 00:00:00_46 km E of Namie, Japan_earthquake_4.2_141.5225_37.4449"
25/2/2023 0:00:00,4.1,2.3,3.7785,201.1608,"8 km E of ?funato, Japan",earthquake,259,0,141.8127,39.0723,64.17,japan,"2023-02-25 00:00:00_8 km E of ?funato, Japan_earthquake_4.1_141.8127_39.0723"
25/2/2023 0:00:00,4.6,2.3,3.7785,175.14,None,earthquake,326,0,140.0785,34.898,68.259,None,2023-02-25 00:00:00_None_earthquake_4.6_140.0785_34.898
25/2/2023 0:00:00,6,7.7,4.749,177.92,"Hokkaido, Japan region",earthquake,567,0,145.0212,42.8258,55,japan region,"2023-02-25 00:00:00_Hokkaido, Japan region_earthquake_6.0_145.0212_42.8258"
25/2/2023 0:00:00,5,2,3.7785,155.4576,"northwest of the Ryukyu Islands, Japan",earthquake,385,0,126.7351,27.1053,10,japan,"2023-02-25 00:00:00_northwest of the Ryukyu Islands, Japan_earthquake_5.0_126.7351_27.1053"
25/2/2023 0:00:00,4.4,2.3,3.7785,195.3784,"26 km ESE of Tarama, Japan",earthquake,298,0,124.9373,24.5731,42.841,japan,"2023-02-25 00:00:00_26 km ESE of Tarama, Japan_earthquake_4.4_124.9373_24.5731"
24/2/2023 0:00:00,4,2.3,3.7785,287.2296,"162 km NW of Mikuni, Japan",earthquake,246,0,134.9748,37.3376,385.142,japan,"2023-02-24 00:00:00_162 km NW of Mikuni, Japan_earthquake_4.0_134.9748_37.3376"
23/2/2023 0:00:00,4.4,2.3,3.7785,126.212,"Bonin Islands, Japan region",earthquake,298,0,143.4573,27.1336,10,japan region,"2023-02-23 00:00:00_Bonin Islands, Japan region_earthquake_4.4_143.4573_27.1336"
23/2/2023 0:00:00,4.1,2.3,3.7785,135.5528,"38 km WSW of Fukaura, Japan",earthquake,259,0,139.4892,40.5628,193.754,japan,"2023-02-23 00:00:00_38 km WSW of Fukaura, Japan_earthquake_4.1_139.4892_40.5628"
23/2/2023 0:00:00,4.3,2.3,3.7785,151.788,"12 km E of Miyako, Japan",earthquake,284,0,142.0799,39.6657,55.009,japan,"2023-02-23 00:00:00_12 km E of Miyako, Japan_earthquake_4.3_142.0799_39.6657"
23/2/2023 0:00:00,4.4,2.3,3.7785,128.6584,"Bonin Islands, Japan region",earthquake,298,0,143.4804,27.1702,10,japan region,"2023-02-23 00:00:00_Bonin Islands, Japan region_earthquake_4.4_143.4804_27.1702"
22/2/2023 0:00:00,4.1,2.3,3.7785,118.984,"Bonin Islands, Japan region",earthquake,259,0,143.3839,27.0622,10,japan region,"2023-02-22 00:00:00_Bonin Islands, Japan region_earthquake_4.1_143.3839_27.0622"
22/2/2023 0:00:00,4.4,2.3,3.7785,133.2176,None,earthquake,298,0,143.5284,27.0881,10,None,2023-02-22 00:00:00_None_earthquake_4.4_143.5284_27.0881
22/2/2023 0:00:00,4.9,2.3,3.7785,126.3232,"Bonin Islands, Japan region",earthquake,369,0,143.4588,27.107,10,japan region,"2023-02-22 00:00:00_Bonin Islands, Japan region_earthquake_4.9_143.4588_27.107"
22/2/2023 0:00:00,4.3,2.3,3.7785,96.744,"Bonin Islands, Japan region",earthquake,284,0,141.2634,26.809,10,japan region,"2023-02-22 00:00:00_Bonin Islands, Japan region_earthquake_4.3_141.2634_26.809"
22/2/2023 0:00:00,4.2,2.3,3.7785,129.8816,None,earthquake,271,0,143.4901,27.1956,10,None,2023-02-22 00:00:00_None_earthquake_4.2_143.4901_27.1956
21/2/2023 0:00:00,4.4,2.3,3.7785,1155.924,"Bonin Islands, Japan region",earthquake,298,0,143.426,27.1097,14.286,japan region,"2023-02-21 00:00:00_Bonin Islands, Japan region_earthquake_4.4_143.426_27.1097"
21/2/2023 0:00:00,4.5,2.3,3.7785,75.5048,"76 km NNE of Yonakuni, Japan",earthquake,312,0,123.3732,25.0636,147.522,japan,"2023-02-21 00:00:00_76 km NNE of Yonakuni, Japan_earthquake_4.5_123.3732_25.0636"
21/2/2023 0:00:00,4.5,2.3,3.7785,124.7664,"Bonin Islands, Japan region",earthquake,312,0,143.4432,27.1268,10,japan region,"2023-02-21 00:00:00_Bonin Islands, Japan region_earthquake_4.5_143.4432_27.1268"
21/2/2023 0:00:00,4.3,2.3,3.7785,127.6576,"Bonin Islands, Japan region",earthquake,284,0,143.4725,27.0834,10,japan region,"2023-02-21 00:00:00_Bonin Islands, Japan region_earthquake_4.3_143.4725_27.0834"
21/2/2023 0:00:00,5.1,2.3,3.7785,131.9944,"Bonin Islands, Japan region",earthquake,400,0,143.5156,27.1222,15.728,japan region,"2023-02-21 00:00:00_Bonin Islands, Japan region_earthquake_5.1_143.5156_27.1222"
21/2/2023 0:00:00,4.4,2.3,3.7785,130.66,"Bonin Islands, Japan region",earthquake,298,0,143.5007,27.1583,10,japan region,"2023-02-21 00:00:00_Bonin Islands, Japan region_earthquake_4.4_143.5007_27.1583"
21/2/2023 0:00:00,4.2,2.3,3.7785,123.3208,"Bonin Islands, Japan region",earthquake,271,0,143.4256,27.0268,10,japan region,"2023-02-21 00:00:00_Bonin Islands, Japan region_earthquake_4.2_143.4256_27.0268"
20/2/2023 0:00:00,4.3,2.3,3.7785,1150.6976,"Bonin Islands, Japan region",earthquake,284,0,143.3638,27.1369,10,japan region,"2023-02-20 00:00:00_Bonin Islands, Japan region_earthquake_4.3_143.3638_27.1369"
20/2/2023 0:00:00,4.2,2.3,3.7785,278.1112,"143 km NNE of Hirara, Japan",earthquake,271,0,125.6175,26.0661,114.015,japan,"2023-02-20 00:00:00_143 km NNE of Hirara, Japan_earthquake_4.2_125.6175_26.0661"
19/2/2023 0:00:00,5,2.3,3.7785,86.8472,"15 km SSW of Obihiro, Japan",earthquake,385,0,143.121,42.7956,132.287,japan,"2023-02-19 00:00:00_15 km SSW of Obihiro, Japan_earthquake_5.0_143.121_42.7956"
19/2/2023 0:00:00,4.1,2.3,3.7785,284.116,"40 km E of Iwaki, Japan",earthquake,259,0,141.3369,37.0134,66.991,japan,"2023-02-19 00:00:00_40 km E of Iwaki, Japan_earthquake_4.1_141.3369_37.0134"
18/2/2023 0:00:00,4.2,2.3,3.7785,278.8896,"Izu Islands, Japan region",earthquake,271,0,142.5755,32.184,10,japan region,"2023-02-18 00:00:00_Izu Islands, Japan region_earthquake_4.2_142.5755_32.184"
17/2/2023 0:00:00,4.2,2.3,3.7785,182.368,"182 km NNE of Yonakuni, Japan",earthquake,271,0,123.4775,26.0585,273.147,japan,"2023-02-17 00:00:00_182 km NNE of Yonakuni, Japan_earthquake_4.2_123.4775_26.0585"
17/2/2023 0:00:00,4.2,2.3,3.7785,378.3024,"45 km E of Shikotan, Russia",earthquake,271,0,147.2858,43.8127,57.307,russia,"2023-02-17 00:00:00_45 km E of Shikotan, Russia_earthquake_4.2_147.2858_43.8127"
17/2/2023 0:00:00,5.2,3.4,3.7785,50.3736,"52 km E of Taira, Japan",earthquake,417,0,128.6692,26.5537,29.734,japan,"2023-02-17 00:00:00_52 km E of Taira, Japan_earthquake_5.2_128.6692_26.5537"
17/2/2023 0:00:00,4.1,2.3,3.7785,106.752,"32 km ENE of Kuji, Japan",earthquake,259,0,142.1305,40.2781,40.524,japan,"2023-02-17 00:00:00_32 km ENE of Kuji, Japan_earthquake_4.1_142.1305_40.2781"
17/2/2023 0:00:00,4.4,2.5,3.7785,103.5272,"33 km NW of Ashiya, Japan",earthquake,298,0,130.3669,34.0568,10,japan,"2023-02-17 00:00:00_33 km NW of Ashiya, Japan_earthquake_4.4_130.3669_34.0568"
17/2/2023 0:00:00,4.2,2.3,3.7785,256.872,"Bonin Islands, Japan region",earthquake,271,0,139.7747,27.9707,445.577,japan region,"2023-02-17 00:00:00_Bonin Islands, Japan region_earthquake_4.2_139.7747_27.9707"
15/2/2023 0:00:00,4.3,2.3,3.7785,513.5216,"122 km SE of Kuril’sk, Russia",earthquake,284,0,149.0066,44.4771,35,russia,"2023-02-15 00:00:00_122 km SE of Kuril’sk, Russia_earthquake_4.3_149.0066_44.4771"
14/2/2023 0:00:00,4.5,2.3,3.7785,434.0136,"271 km ESE of Onagawa Ch?, Japan",earthquake,312,0,144.4757,37.9138,10,japan,"2023-02-14 00:00:00_271 km ESE of Onagawa Ch?, Japan_earthquake_4.5_144.4757_37.9138"
14/2/2023 0:00:00,4.3,2.3,3.7785,299.5728,"Izu Islands, Japan region",earthquake,284,0,141.9862,31.1444,10,japan region,"2023-02-14 00:00:00_Izu Islands, Japan region_earthquake_4.3_141.9862_31.1444"
13/2/2023 0:00:00,4.6,2.1,3.7785,332.1544,"60 km E of Minami-S?ma, Japan",earthquake,326,0,141.6575,37.695,57.976,japan,"2023-02-13 00:00:00_60 km E of Minami-S?ma, Japan_earthquake_4.6_141.6575_37.695"
13/2/2023 0:00:00,4.8,2.3,3.7785,168.3568,"64 km SSE of Akkeshi, Japan",earthquake,354,0,145.0971,42.4829,29.312,japan,"2023-02-13 00:00:00_64 km SSE of Akkeshi, Japan_earthquake_4.8_145.0971_42.4829"
12/2/2023 0:00:00,4.5,2.3,3.7785,208.0552,"Izu Islands, Japan region",earthquake,312,0,141.9984,32.7573,17.314,japan region,"2023-02-12 00:00:00_Izu Islands, Japan region_earthquake_4.5_141.9984_32.7573"
12/2/2023 0:00:00,4.4,2.3,3.7785,760.9416,"Bonin Islands, Japan region",earthquake,298,0,141.8049,26.4721,52.063,japan region,"2023-02-12 00:00:00_Bonin Islands, Japan region_earthquake_4.4_141.8049_26.4721"
12/2/2023 0:00:00,4.3,2.3,3.7785,62.0496,"near the east coast of Honshu, Japan",earthquake,284,0,141.5982,40.4059,109.727,japan,"2023-02-12 00:00:00_near the east coast of Honshu, Japan_earthquake_4.3_141.5982_40.4059"
11/2/2023 0:00:00,4.3,2.3,3.7785,167.2448,"17 km N of Shiraoi, Japan",earthquake,284,0,141.3567,42.7082,122.288,japan,"2023-02-11 00:00:00_17 km N of Shiraoi, Japan_earthquake_4.3_141.3567_42.7082"
11/2/2023 0:00:00,4.2,2.3,3.7785,148.8968,"near the south coast of Honshu, Japan",earthquake,271,0,137.3979,33.5051,337.97,japan,"2023-02-11 00:00:00_near the south coast of Honshu, Japan_earthquake_4.2_137.3979_33.5051"
10/2/2023 0:00:00,4.6,2.3,3.7785,278.8896,"Volcano Islands, Japan region",earthquake,326,0,143.4746,24.8629,11.93,japan region,"2023-02-10 00:00:00_Volcano Islands, Japan region_earthquake_4.6_143.4746_24.8629"
10/2/2023 0:00:00,4.3,2.3,3.7785,285.1168,None,earthquake,284,0,141.6154,31.0515,10,None,2023-02-10 00:00:00_None_earthquake_4.3_141.6154_31.0515
9/2/2023 0:00:00,4.2,2.3,3.7785,115.648,"Hokkaido, Japan region",earthquake,271,0,142.8197,41.0059,46.936,japan region,"2023-02-09 00:00:00_Hokkaido, Japan region_earthquake_4.2_142.8197_41.0059"
9/2/2023 0:00:00,4.5,2.3,3.7785,128.6584,"37 km ESE of Rishiri Town, Japan",earthquake,312,0,141.6443,45.0572,279.74,japan,"2023-02-09 00:00:00_37 km ESE of Rishiri Town, Japan_earthquake_4.5_141.6443_45.0572"
9/2/2023 0:00:00,4.3,2.3,3.7785,242.8608,"101 km S of Koshima, Japan",earthquake,284,0,130.5088,29.3184,29.711,japan,"2023-02-09 00:00:00_101 km S of Koshima, Japan_earthquake_4.3_130.5088_29.3184"
8/2/2023 0:00:00,4.4,2.3,3.7785,211.0576,"40 km SSW of Nemuro, Japan",earthquake,298,0,145.3508,43.0018,52.923,japan,"2023-02-08 00:00:00_40 km SSW of Nemuro, Japan_earthquake_4.4_145.3508_43.0018"
8/2/2023 0:00:00,4.2,2.3,3.7785,190.2632,"100 km SSE of Toba, Japan",earthquake,271,0,137.2662,33.6464,355.629,japan,"2023-02-08 00:00:00_100 km SSE of Toba, Japan_earthquake_4.2_137.2662_33.6464"
8/2/2023 0:00:00,4,2.3,3.7785,337.2696,"Izu Islands, Japan region",earthquake,246,0,138.3409,30.3381,436.135,japan region,"2023-02-08 00:00:00_Izu Islands, Japan region_earthquake_4.0_138.3409_30.3381"
7/2/2023 0:00:00,4.4,2.3,3.7785,210.8352,"Izu Islands, Japan region",earthquake,298,0,141.9484,32.5112,10,japan region,"2023-02-07 00:00:00_Izu Islands, Japan region_earthquake_4.4_141.9484_32.5112"
6/2/2023 0:00:00,4.5,2.3,3.7785,577.5728,Kuril Islands,earthquake,312,0,149.766,45.1685,74.608,kuril islands,2023-02-06 00:00:00_Kuril Islands_earthquake_4.5_149.766_45.1685
6/2/2023 0:00:00,4.2,2.3,3.7785,234.632,"177 km W of Naha, Japan",earthquake,271,0,125.9397,26.5281,143.151,japan,"2023-02-06 00:00:00_177 km W of Naha, Japan_earthquake_4.2_125.9397_26.5281"
5/2/2023 0:00:00,4.4,2.3,3.7785,163.464,"2 km SSW of Noda, Japan",earthquake,298,0,139.8597,35.9252,90.659,japan,"2023-02-05 00:00:00_2 km SSW of Noda, Japan_earthquake_4.4_139.8597_35.9252"
5/2/2023 0:00:00,4,2.3,3.7785,350.0576,None,earthquake,246,0,137.64,30.5602,492.186,None,2023-02-05 00:00:00_None_earthquake_4.0_137.64_30.5602
5/2/2023 0:00:00,4.4,2.3,3.7785,276.7768,None,earthquake,298,0,142.6431,33.8956,10,None,2023-02-05 00:00:00_None_earthquake_4.4_142.6431_33.8956
5/2/2023 0:00:00,5.8,1,2.808,180.144,"Izu Islands, Japan region",earthquake,518,0,141.6605,32.655,11,japan region,"2023-02-05 00:00:00_Izu Islands, Japan region_earthquake_5.8_141.6605_32.655"
5/2/2023 0:00:00,4.4,2.3,3.7785,185.148,"294 km SSE of Katsuura, Japan",earthquake,298,0,141.7512,32.7725,10,japan,"2023-02-05 00:00:00_294 km SSE of Katsuura, Japan_earthquake_4.4_141.7512_32.7725"
5/2/2023 0:00:00,4.6,2.3,3.7785,51.8192,"southwestern Ryukyu Islands, Japan",earthquake,326,0,123.5063,24.5842,70.98,japan,"2023-02-05 00:00:00_southwestern Ryukyu Islands, Japan_earthquake_4.6_123.5063_24.5842"
5/2/2023 0:00:00,4.4,2.3,3.7785,534.6496,Kuril Islands,earthquake,298,0,149.2316,44.8651,52.978,kuril islands,2023-02-05 00:00:00_Kuril Islands_earthquake_4.4_149.2316_44.8651
5/2/2023 0:00:00,4.7,2.3,3.7785,129.7704,"Bonin Islands, Japan region",earthquake,340,0,143.4904,27.1901,10,japan region,"2023-02-05 00:00:00_Bonin Islands, Japan region_earthquake_4.7_143.4904_27.1901"
2/2/2023 0:00:00,4.1,2.3,3.7785,254.8704,"57 km SSE of ?funato, Japan",earthquake,259,0,142.041,38.622,54.658,japan,"2023-02-02 00:00:00_57 km SSE of ?funato, Japan_earthquake_4.1_142.041_38.622"
2/2/2023 0:00:00,4.4,2.3,3.7785,280.6688,"Hokkaido, Japan region",earthquake,298,0,145.9736,43.5003,94.012,japan region,"2023-02-02 00:00:00_Hokkaido, Japan region_earthquake_4.4_145.9736_43.5003"
2/2/2023 0:00:00,4.1,2.3,3.7785,186.26,"Izu Islands, Japan region",earthquake,259,0,141.7094,32.6047,23.202,japan region,"2023-02-02 00:00:00_Izu Islands, Japan region_earthquake_4.1_141.7094_32.6047"
2/2/2023 0:00:00,4.3,2.3,3.7785,130.2152,"157 km E of Nago, Japan",earthquake,284,0,129.5647,26.6426,14.839,japan,"2023-02-02 00:00:00_157 km E of Nago, Japan_earthquake_4.3_129.5647_26.6426"
2/2/2023 0:00:00,4.3,2.3,3.7785,279.2232,"111 km ESE of Kamaishi, Japan",earthquake,284,0,142.9521,38.7397,40.663,japan,"2023-02-02 00:00:00_111 km ESE of Kamaishi, Japan_earthquake_4.3_142.9521_38.7397"
1/2/2023 0:00:00,4.2,2.3,3.7785,241.0816,"Ryukyu Islands, Japan",earthquake,271,0,130.53,29.33,33.338,japan,"2023-02-01 00:00:00_Ryukyu Islands, Japan_earthquake_4.2_130.53_29.33"
30/1/2023 0:00:00,4.3,2.95,2.792,151.1208,"6 km N of Y?ki, Japan",earthquake,284,0,139.8797,36.3618,79.539,japan,"2023-01-30 00:00:00_6 km N of Y?ki, Japan_earthquake_4.3_139.8797_36.3618"
30/1/2023 0:00:00,4.5,2,2.792,338.7152,"95 km SE of Ishinomaki, Japan",earthquake,312,0,142.1119,37.8497,26.488,japan,"2023-01-30 00:00:00_95 km SE of Ishinomaki, Japan_earthquake_4.5_142.1119_37.8497"
29/1/2023 0:00:00,4.7,3.8,2.792,126.1008,"4 km NNW of ?iso, Japan",earthquake,382,0,139.2937,35.3532,146.936,japan,"2023-01-29 00:00:00_4 km NNW of ?iso, Japan_earthquake_4.7_139.2937_35.3532"
29/1/2023 0:00:00,3.9,2.95,2.792,350.28,"88 km SE of Ol’ga, Russia",earthquake,234,0,136.1235,43.2327,348.879,russia,"2023-01-29 00:00:00_88 km SE of Ol’ga, Russia_earthquake_3.9_136.1235_43.2327"
28/1/2023 0:00:00,4.4,2.95,2.792,327.0392,"Izu Islands, Japan region",earthquake,298,0,142.1496,30.0471,10,japan region,"2023-01-28 00:00:00_Izu Islands, Japan region_earthquake_4.4_142.1496_30.0471"
28/1/2023 0:00:00,4,2.95,2.792,204.3856,"Bonin Islands, Japan region",earthquake,246,0,140.1231,27.1504,386.984,japan region,"2023-01-28 00:00:00_Bonin Islands, Japan region_earthquake_4.0_140.1231_27.1504"
27/1/2023 0:00:00,4.2,2.95,2.792,329.0408,"69 km SSE of Ishinomaki, Japan",earthquake,271,0,141.6833,37.8662,59.34,japan,"2023-01-27 00:00:00_69 km SSE of Ishinomaki, Japan_earthquake_4.2_141.6833_37.8662"
26/1/2023 0:00:00,4.3,2.95,2.792,354.728,"Izu Islands, Japan region",earthquake,284,0,137.5565,30.5458,485.923,japan region,"2023-01-26 00:00:00_Izu Islands, Japan region_earthquake_4.3_137.5565_30.5458"
25/1/2023 0:00:00,4.9,4.1,2.792,330.0416,"61 km E of Namie, Japan",earthquake,374,0,141.6818,37.5882,52.61,japan,"2023-01-25 00:00:00_61 km E of Namie, Japan_earthquake_4.9_141.6818_37.5882"
24/1/2023 0:00:00,4.5,2.95,2.792,288.1192,"Bonin Islands, Japan region",earthquake,312,0,139.4243,27.9386,513.977,japan region,"2023-01-24 00:00:00_Bonin Islands, Japan region_earthquake_4.5_139.4243_27.9386"
22/1/2023 0:00:00,4.3,2.95,2.792,236.3,"Ryukyu Islands, Japan",earthquake,284,0,130.0506,28.2639,29.821,japan,"2023-01-22 00:00:00_Ryukyu Islands, Japan_earthquake_4.3_130.0506_28.2639"
22/1/2023 0:00:00,4.4,2.95,2.792,293.568,"off the coast of Hokkaido, Japan",earthquake,298,0,146.6294,42.5955,22.831,japan,"2023-01-22 00:00:00_off the coast of Hokkaido, Japan_earthquake_4.4_146.6294_42.5955"
21/1/2023 0:00:00,4.3,2.95,2.792,306.4672,"59 km SE of Namie, Japan",earthquake,284,0,141.5525,37.1807,44.118,japan,"2023-01-21 00:00:00_59 km SE of Namie, Japan_earthquake_4.3_141.5525_37.1807"
20/1/2023 0:00:00,4.1,2.95,2.792,445.4672,"35 km SSE of Kuril’sk, Russia",earthquake,259,0,148.0752,44.943,10.628,russia,"2023-01-20 00:00:00_35 km SSE of Kuril’sk, Russia_earthquake_4.1_148.0752_44.943"
20/1/2023 0:00:00,4.3,2.95,2.792,228.9608,"149 km ESE of Katsuura, Japan",earthquake,284,0,141.7096,34.4397,10,japan,"2023-01-20 00:00:00_149 km ESE of Katsuura, Japan_earthquake_4.3_141.7096_34.4397"
20/1/2023 0:00:00,4.5,2.7,2.792,326.928,"57 km ENE of Namie, Japan",earthquake,312,0,141.566,37.7473,61.691,japan,"2023-01-20 00:00:00_57 km ENE of Namie, Japan_earthquake_4.5_141.566_37.7473"
20/1/2023 0:00:00,5,3.1,2.792,225.4024,"37 km ESE of ?funato, Japan",earthquake,386,0,142.1003,38.9239,47.894,japan,"2023-01-20 00:00:00_37 km ESE of ?funato, Japan_earthquake_5.0_142.1003_38.9239"
19/1/2023 0:00:00,4.2,2.95,2.792,338.604,"120 km ENE of Hasaki, Japan",earthquake,271,0,141.9726,36.3005,29.911,japan,"2023-01-19 00:00:00_120 km ENE of Hasaki, Japan_earthquake_4.2_141.9726_36.3005"
19/1/2023 0:00:00,4.6,2.95,2.792,153.5672,"Volcano Islands, Japan region",earthquake,326,0,143.0309,25.937,10,japan region,"2023-01-19 00:00:00_Volcano Islands, Japan region_earthquake_4.6_143.0309_25.937"
19/1/2023 0:00:00,4.5,2.95,2.792,136.1088,"90 km SSE of Toba, Japan",earthquake,312,0,137.2383,33.7343,11.162,japan,"2023-01-19 00:00:00_90 km SSE of Toba, Japan_earthquake_4.5_137.2383_33.7343"
19/1/2023 0:00:00,4.3,2.95,2.792,94.2976,"Hokkaido, Japan region",earthquake,284,0,142.5275,41.3097,43.544,japan region,"2023-01-19 00:00:00_Hokkaido, Japan region_earthquake_4.3_142.5275_41.3097"
18/1/2023 0:00:00,4.1,2.95,2.792,119.3176,"32 km SSW of Shimo-furano, Japan",earthquake,259,0,142.2161,43.0811,120.209,japan,"2023-01-18 00:00:00_32 km SSW of Shimo-furano, Japan_earthquake_4.1_142.2161_43.0811"
18/1/2023 0:00:00,4.6,2.95,2.792,245.752,"11 km ESE of Hirara, Japan",earthquake,326,0,125.4156,24.7752,35,japan,"2023-01-18 00:00:00_11 km ESE of Hirara, Japan_earthquake_4.6_125.4156_24.7752"
18/1/2023 0:00:00,4.8,2.95,2.792,189.9296,"45 km W of Hirara, Japan",earthquake,354,0,124.8538,24.7915,54.834,japan,"2023-01-18 00:00:00_45 km W of Hirara, Japan_earthquake_4.8_124.8538_24.7915"
17/1/2023 0:00:00,4.3,2.95,2.792,151.788,"Kyushu, Japan",earthquake,284,0,130.9092,30.1983,34.299,japan,"2023-01-17 00:00:00_Kyushu, Japan_earthquake_4.3_130.9092_30.1983"
17/1/2023 0:00:00,4.6,2.95,2.792,174.028,"55 km ESE of Koshima, Japan",earthquake,326,0,131.0606,30.0294,29.959,japan,"2023-01-17 00:00:00_55 km ESE of Koshima, Japan_earthquake_4.6_131.0606_30.0294"
17/1/2023 0:00:00,4.4,2.95,2.792,21.0168,"28 km N of Asahikawa, Japan",earthquake,298,0,142.3651,44.0252,16.949,japan,"2023-01-17 00:00:00_28 km N of Asahikawa, Japan_earthquake_4.4_142.3651_44.0252"
17/1/2023 0:00:00,4.6,2.95,2.792,293.012,"Izu Islands, Japan region",earthquake,326,0,141.018,29.5307,109.102,japan region,"2023-01-17 00:00:00_Izu Islands, Japan region_earthquake_4.6_141.018_29.5307"
17/1/2023 0:00:00,4.3,2.95,2.792,190.4856,"2 km N of Ry?gasaki, Japan",earthquake,284,0,140.1869,35.9262,73.751,japan,"2023-01-17 00:00:00_2 km N of Ry?gasaki, Japan_earthquake_4.3_140.1869_35.9262"
16/1/2023 0:00:00,4.5,2.95,2.792,285.3392,"52 km ENE of Hirara, Japan",earthquake,312,0,125.7694,25.0131,36.091,japan,"2023-01-16 00:00:00_52 km ENE of Hirara, Japan_earthquake_4.5_125.7694_25.0131"
16/1/2023 0:00:00,4.3,2.95,2.792,174.9176,"35 km N of Kushiro, Japan",earthquake,284,0,144.4407,43.2947,129.565,japan,"2023-01-16 00:00:00_35 km N of Kushiro, Japan_earthquake_4.3_144.4407_43.2947"
16/1/2023 0:00:00,4.2,2.95,2.792,314.2512,None,earthquake,271,0,138.5131,30.5014,399.856,None,2023-01-16 00:00:00_None_earthquake_4.2_138.5131_30.5014
16/1/2023 0:00:00,6.3,2.8,2.792,348.5008,"Bonin Islands, Japan region",earthquake,614,0,139.3452,28.9804,405,japan region,"2023-01-16 00:00:00_Bonin Islands, Japan region_earthquake_6.3_139.3452_28.9804"
15/1/2023 0:00:00,5,2.95,2.792,290.3432,"58 km ENE of Hirara, Japan",earthquake,385,0,125.8117,25.0491,20.179,japan,"2023-01-15 00:00:00_58 km ENE of Hirara, Japan_earthquake_5.0_125.8117_25.0491"
15/1/2023 0:00:00,5.2,2.95,2.792,357.508,"Izu Islands, Japan region",earthquake,416,0,139.1085,29.947,397.967,japan region,"2023-01-15 00:00:00_Izu Islands, Japan region_earthquake_5.2_139.1085_29.947"
15/1/2023 0:00:00,4.8,2.95,2.792,114.2024,"94 km E of Mutsu, Japan",earthquake,354,0,142.3275,41.165,56.74,japan,"2023-01-15 00:00:00_94 km E of Mutsu, Japan_earthquake_4.8_142.3275_41.165"
14/1/2023 0:00:00,4.5,2.95,2.792,199.8264,"100 km ENE of Miyako, Japan",earthquake,312,0,143.0784,39.8623,31.152,japan,"2023-01-14 00:00:00_100 km ENE of Miyako, Japan_earthquake_4.5_143.0784_39.8623"
14/1/2023 0:00:00,4.2,2.95,2.792,210.3904,"274 km SE of Shing?, Japan",earthquake,271,0,138.0176,31.9508,364.209,japan,"2023-01-14 00:00:00_274 km SE of Shing?, Japan_earthquake_4.2_138.0176_31.9508"
12/1/2023 0:00:00,4.3,2.95,2.792,155.9024,"Hokkaido, Japan region",earthquake,284,0,141.2351,42.1865,113.791,japan region,"2023-01-12 00:00:00_Hokkaido, Japan region_earthquake_4.3_141.2351_42.1865"
12/1/2023 0:00:00,4,2.95,2.792,129.9928,"56 km NNE of Nanao, Japan",earthquake,246,0,137.3197,37.4773,9.206,japan,"2023-01-12 00:00:00_56 km NNE of Nanao, Japan_earthquake_4.0_137.3197_37.4773"
11/1/2023 0:00:00,4.9,2,2.792,272.3288,"48 km SSE of Hasaki, Japan",earthquake,370,0,141.0673,35.3383,25.83,japan,"2023-01-11 00:00:00_48 km SSE of Hasaki, Japan_earthquake_4.9_141.0673_35.3383"
11/1/2023 0:00:00,3.8,3.4,2.792,126.768,"near the south coast of Honshu, Japan",earthquake,227,0,139.2024,35.4541,24.182,japan,"2023-01-11 00:00:00_near the south coast of Honshu, Japan_earthquake_3.8_139.2024_35.4541"
11/1/2023 0:00:00,4.3,2.95,2.792,112.312,"75 km SE of Katsuren-haebaru, Japan",earthquake,284,0,128.3839,25.8265,17.829,japan,"2023-01-11 00:00:00_75 km SE of Katsuren-haebaru, Japan_earthquake_4.3_128.3839_25.8265"
10/1/2023 0:00:00,4.1,2.95,2.792,245.4184,"46 km SSE of ?funato, Japan",earthquake,259,0,141.9108,38.6783,57.133,japan,"2023-01-10 00:00:00_46 km SSE of ?funato, Japan_earthquake_4.1_141.9108_38.6783"
9/1/2023 0:00:00,4.2,2.95,2.792,219.064,"255 km SE of Katsuura, Japan",earthquake,271,0,142.1393,33.4069,10,japan,"2023-01-09 00:00:00_255 km SE of Katsuura, Japan_earthquake_4.2_142.1393_33.4069"
9/1/2023 0:00:00,4.1,2.95,2.792,134.1072,"97 km SSE of Kushiro, Japan",earthquake,259,0,144.7675,42.1468,35,japan,"2023-01-09 00:00:00_97 km SSE of Kushiro, Japan_earthquake_4.1_144.7675_42.1468"
9/1/2023 0:00:00,4.1,2.95,2.792,43.7016,"114 km SE of Shizunai-furukawach?, Japan",earthquake,259,0,143.4264,41.677,37.518,japan,"2023-01-09 00:00:00_114 km SE of Shizunai-furukawach?, Japan_earthquake_4.1_143.4264_41.677"
8/1/2023 0:00:00,4.3,2.95,2.792,413.2192,"off the east coast of Honshu, Japan",earthquake,284,0,142.8207,36.4673,10,japan,"2023-01-08 00:00:00_off the east coast of Honshu, Japan_earthquake_4.3_142.8207_36.4673"
8/1/2023 0:00:00,4.6,3.1,2.792,291.7888,"46 km E of Iwaki, Japan",earthquake,329,0,141.4075,37.0889,42.747,japan,"2023-01-08 00:00:00_46 km E of Iwaki, Japan_earthquake_4.6_141.4075_37.0889"
8/1/2023 0:00:00,3.6,4.4,2.792,47.1488,South Korea,earthquake,208,0,126.2251,37.7593,16.663,south korea,2023-01-08 00:00:00_South Korea_earthquake_3.6_126.2251_37.7593