id,year,month,day,hour,locationName,latitude,longitude,eqMagnitude,intensity,damageAmountOrder,housesDestroyedAmountOrder,tsunamiEventId,eqMagMs,publish,deathsTotal,deathsAmountOrderTotal,damageAmountOrderTotal,housesDestroyedAmountOrderTotal,country,regionCode,minute,deaths,deathsAmountOrder,injuries,injuriesAmountOrder,housesDamagedAmountOrder,injuriesTotal,injuriesAmountOrderTotal,housesDamagedAmountOrderTotal,eqDepth,second,eqMagMw,eqMagMb,eqMagUnk,damageMillionsDollars,housesDestroyed,damageMillionsDollarsTotal,housesDestroyedTotal,housesDamaged,housesDamagedTotal,eqMagMl,volcanoEventId,eqMagMfa,missing,missingAmountOrder,missingTotal,missingAmountOrderTotal
757,1570,2,8,13.0,CHILE:  OLD CONCEPCION,-36.75,-73.0,8.3,11.0,2.0,3.0,179.0,8.3,True,2000.0,4.0,3.0,3.0,CHILE,160,,,,,,,,,,,,,,,,,,,,,,,,,,,
1669,1822,11,20,2.0,"CHILE:  VALPARAISO, QUILLOTA, CONCON,  ACONCAGUA",-33.0,-72.0,8.5,11.0,4.0,3.0,641.0,8.5,True,72.0,3.0,4.0,3.0,CHILE,160,30.0,72.0,3.0,200.0,3.0,3.0,200.0,3.0,3.0,,,,,,,,,,,,,,,,,,
2157,1869,8,24,17.0,"CHILE:  IQUIQUE, PICA; PERU:  TACNA",-19.6,-70.23,7.5,8.0,1.0,,1010.0,7.5,True,,,1.0,,CHILE,160,10.0,,,,,,,,,30.0,,,,,,,,,,,,,,,,,
2871,1909,6,8,5.0,CHILE,-26.5,-70.5,7.6,,,,1379.0,7.6,True,,,,,CHILE,160,46.0,,,,,,,,,,30.0,,,,,,,,,,,,,,,,
2997,1914,1,30,3.0,CHILE:  OFF CENTRAL COAST,-35.0,-73.0,7.6,,,,,7.6,True,,,,,CHILE,160,35.0,,,,,,,,,33.0,50.0,,,,,,,,,,,,,,,,
3378,1928,12,1,4.0,"CHILE:  TALCA, CHILLAN, SANTIAGO, SAN FERNANDO",-35.0,-72.0,7.6,9.0,3.0,3.0,1609.0,8.0,True,279.0,3.0,3.0,3.0,CHILE,160,6.0,279.0,3.0,,,,,,,25.0,12.0,7.6,,,,,,,,,,,,,,,
4223,1960,5,21,10.0,CHILE:  CENTRAL,-37.872,-73.243,8.2,,1.0,,1901.0,7.3,True,,1.0,1.0,,CHILE,160,2.0,,1.0,,3.0,,,3.0,,35.0,50.0,8.2,,,,,,,,,,,,,,,
4570,1971,6,17,21.0,"CHILE:  CATALINA, ANTOFAGASTA",-25.5,-69.2,6.3,5.0,2.0,,,,True,1.0,1.0,2.0,,CHILE,160,,1.0,1.0,,,,,,,93.0,40.9,,6.3,7.0,,,,,,,,,,,,,
5060,1985,3,17,10.0,"CHILE:  VALPARAISO, VINA DEL MAR",-32.663,-71.551,6.6,7.0,2.0,,,6.6,True,1.0,1.0,2.0,,CHILE,160,41.0,1.0,1.0,,,,,,,33.0,38.4,,5.9,,,,,,,,,,,,,,
5129,1987,3,5,9.0,"CHILE:  ANTOFAGASTA, ARICA",-24.388,-70.161,7.3,6.0,2.0,,2169.0,7.3,True,1.0,1.0,2.0,,CHILE,160,17.0,1.0,1.0,,,,,,,62.0,5.2,,6.5,,,,,,,,,,,,,,
5416,1995,7,30,5.0,"CHILE:  ANTOFAGASTA, CALAMA, MEJILLONES",-23.34,-70.294,8.0,7.0,2.0,3.0,2249.0,7.3,True,3.0,1.0,2.0,3.0,CHILE,160,11.0,3.0,1.0,58.0,2.0,,,,,46.0,23.6,8.0,6.6,,1.66,115.0,1.791,115.0,,,,,,,,,
5475,1997,10,15,1.0,"CHILE:  PUEBLO NUEVO, COQUIMBO, LA CHIMBA",-30.933,-71.22,7.1,,4.0,4.0,,6.8,True,8.0,1.0,4.0,4.0,CHILE,160,3.0,8.0,1.0,300.0,3.0,4.0,300.0,3.0,4.0,58.0,33.4,7.1,6.8,,48.0,5000.0,48.0,5000.0,15700.0,15700.0,,,,,,,
5628,2002,4,1,19.0,"CHILE:  CENTRAL:  COQUIMBO, LA SERENA, OVALLE",-29.67,-71.384,6.4,,1.0,,,,True,,,1.0,,CHILE,160,59.0,,,,,,,,,71.0,32.4,6.4,6.1,,,,,,,,,,,,,,
5777,2004,5,3,4.0,CHILE: CANETE,-37.695,-73.406,6.6,6.0,1.0,,,6.5,True,,,1.0,,CHILE,160,36.0,,,,,,,,,21.0,50.0,6.6,5.9,,,,,,,,6.4,,,,,,
6129,1858,4,24,11.0,CHILE:  LA SERENA,-30.0,-71.4,6.5,8.0,,,875.0,6.5,True,,1.0,,,CHILE,160,15.0,,1.0,,,,,,,,,,,,,,,,,,,,,,,,
6283,1923,5,4,22.0,CHILE:  VALLENAR,-28.75,-71.75,7.0,,2.0,2.0,1518.0,7.0,True,,,2.0,2.0,CHILE,160,26.0,,,,,2.0,,,2.0,60.0,45.0,,6.7,,,,,,,,,,,,,,
6543,1925,5,15,11.0,CHILE:  NORTHERN,-26.0,-71.5,7.1,,,,1555.0,7.1,True,,,,,CHILE,160,56.0,,,,,,,,,50.0,57.0,,,,,,,,,,,,,,,,
6770,2005,8,14,2.0,CHILE:  TARAPACA,-19.78,-68.98,5.8,,1.0,,,,True,,,1.0,,CHILE,160,39.0,,,,,,,,,11.0,40.3,5.8,5.7,,,,,,,,,,,,,,
9884,2012,4,17,3.0,CHILE:  VALPARAISO,-32.625,-71.365,6.7,,1.0,,,6.2,True,2.0,1.0,1.0,,CHILE,160,50.0,2.0,1.0,,,2.0,,,2.0,29.0,15.6,6.7,6.2,,,,,,,,,,,,,,
10388,2019,1,20,1.0,"CHILE:  COQUIMBO, LA SERENA",-30.04,-71.382,6.7,,2.0,,,,True,2.0,1.0,2.0,,CHILE,160,32.0,2.0,1.0,,,4.0,,,4.0,63.0,48.0,6.7,,,,,,,1061.0,1061.0,,,,,,,
10080,2014,4,3,2.0,CHILE:  NORTHERN:  IQUIQUE,-20.571,-70.493,7.7,8.0,,,5558.0,,True,,,,,CHILE,160,43.0,,,,,,,,,22.0,13.1,7.7,,,,,,,,,,,,,,,
1319,1751,5,25,5.0,"CHILE:  CONCEPCION, CHILLAN, TALCA, TUTUBEN, CURICO",-36.83,-71.63,8.5,11.0,3.0,3.0,440.0,8.5,True,65.0,2.0,3.0,3.0,CHILE,160,30.0,,,,,,,,,,,,,,,,,,,,,,,,,,
1913,1851,4,2,10.0,CHILE:  VALPARAISO,-33.32,-71.42,7.1,8.0,3.0,3.0,777.0,7.1,True,,1.0,3.0,3.0,CHILE,160,48.0,,1.0,,,,,,,,,,,,,,,,,,,,,,,,
2139,1868,8,13,21.0,CHILE:  ARICA,-18.6,-71.0,8.5,11.0,4.0,,983.0,8.5,True,25000.0,4.0,4.0,,CHILE,160,30.0,25000.0,4.0,,,,,,,25.0,,,,,,,300.0,,,,,,,,,,
2183,1871,10,5,9.0,CHILE,-20.2,-70.2,7.3,10.0,3.0,3.0,1029.0,7.3,True,,1.0,3.0,3.0,CHILE,160,,,1.0,,,,,,,,,,,,,101.0,,101.0,,,,,,,,,
2248,1877,5,10,0.0,CHILE:  OFF NORTH COAST,-21.5,-70.5,8.3,11.0,2.0,3.0,1075.0,8.3,True,2385.0,4.0,3.0,3.0,CHILE,160,59.0,103.0,2.0,,,,,,,40.0,,,,,1.6,,,,,,,,,,,,
3508,1933,2,23,8.0,CHILE,-20.0,-71.0,7.6,,,,1659.0,7.6,True,,,,,CHILE,160,9.0,,,,,,,,,40.0,12.0,,,,,,,,,,,,,,,,
3740,1943,4,6,16.0,CHILE:  ILLAPEL,-30.75,-72.0,8.2,,1.0,1.0,1752.0,7.9,True,11.0,1.0,1.0,1.0,CHILE,160,7.0,11.0,1.0,,,,,,,35.0,15.0,8.2,7.6,,,,,,,,,,,,,,
4021,1953,5,6,17.0,"CHILE:  CHILLAN, CONCEPCION",-36.5,-72.5,7.6,10.0,4.0,,1836.0,,True,9.0,1.0,4.0,,CHILE,160,16.0,9.0,1.0,26.0,1.0,,26.0,1.0,,60.0,43.0,,,,500.0,,500.0,,,,7.6,,,,,,
5120,1986,12,19,5.0,"CHILE:  CENTRAL, VALPARAISO",-33.071,-72.084,5.0,3.0,1.0,1.0,,,True,,,1.0,1.0,CHILE,160,47.0,,,,2.0,,,2.0,,33.0,29.0,,5.0,,,16.0,,16.0,,,,,,,,,
5617,2002,1,14,15.0,"CHILE: NORTHERN: CUYA, HUARA, IQUIQUE, POZO ALMONTE",-19.384,-69.231,5.6,,1.0,,,5.2,True,,,1.0,,CHILE,160,36.0,,,,,1.0,,,1.0,33.0,26.4,5.6,5.5,,,,,,,,,,,,,,
6047,1836,7,3,,CHILE:  COBIJA,-22.6,-70.3,7.5,,,,697.0,7.5,True,,,,,CHILE,160,,,,,,,,,,,,,,,,,,,,,,,,,,,
6107,1936,7,13,11.0,CHILE:  TALTAL,-24.5,-70.0,7.3,,2.0,3.0,1691.0,7.3,True,1.0,1.0,2.0,3.0,CHILE,160,12.0,1.0,1.0,40.0,1.0,,40.0,1.0,,60.0,15.0,,,,,,,,,,,,,,,,
6239,1903,12,7,14.0,"CHILE:  VALLENAR, FREIRINA",-28.5,-71.0,6.5,8.0,2.0,2.0,1307.0,6.5,True,,1.0,2.0,2.0,CHILE,160,25.0,,1.0,,,,,,,,,,,,,,,,,,,,,,,,
6323,1940,10,4,7.0,CHILE:  NORTHERN,-22.0,-71.0,7.3,,,,1742.0,7.3,True,,,,,CHILE,160,54.0,,,,,,,,,75.0,42.0,,,,,,,,,,,,,,,,
6344,1940,10,11,18.0,CHILE:  SOUTH CENTRAL,-41.5,-74.5,7.0,,,,1743.0,7.0,True,,,,,CHILE,160,41.0,,,,,,,,,33.0,13.0,,,,,,,,,,,,,,,,
6432,1970,11,28,11.0,CHILE:  NORTHERN,-20.94,-69.81,6.0,,,,2030.0,6.0,True,,,,,CHILE,160,8.0,,,,,,,,,33.0,40.0,,5.8,,,,,,,,,,,,,,
6442,1972,12,29,4.0,CHILE:  CENTRAL,-30.6,-71.0,5.4,,,,2057.0,5.4,True,,,,,CHILE,160,51.0,,,,,,,,,60.0,1.6,,5.1,6.0,,,,,,,,,,,,,
6573,1898,7,23,2.0,CHILE:  CONCEPCION,-36.83,-73.03,6.5,8.0,2.0,2.0,1250.0,6.5,True,6.0,1.0,2.0,2.0,CHILE,160,17.0,6.0,1.0,,,,,1.0,,,,,,,,,,,,,,,,,,,
8135,2005,6,13,22.0,CHILE:  TARAPACA,-19.987,-69.197,7.7,,,3.0,,,True,11.0,1.0,,3.0,CHILE,160,44.0,11.0,1.0,200.0,3.0,,200.0,3.0,,116.0,33.9,7.7,6.8,,,544.0,,544.0,,,,,,,,,
8872,2010,2,27,6.0,"CHILE:  MAULE, CONCEPCION, TALCAHUANO",-36.122,-72.898,8.8,9.0,4.0,,4682.0,8.5,True,558.0,3.0,4.0,,CHILE,160,34.0,402.0,3.0,12000.0,4.0,4.0,12000.0,4.0,4.0,23.0,11.5,8.8,7.2,,30000.0,,30000.0,,500000.0,500000.0,,,,,,,
9776,2011,2,11,20.0,CHILE:  OFF COAST CENTRAL,-36.474,-73.125,6.8,,,,5406.0,,True,,,,,CHILE,160,5.0,,,,,,,,,28.0,30.7,6.8,6.0,,,,,,,,,,,,,,
9782,1956,1,8,20.0,CHILE,-19.0,-70.0,7.1,5.0,1.0,,1854.0,7.1,True,,1.0,1.0,,CHILE,160,54.0,,1.0,,,,,,,,13.0,,,,,,,,,,,,,,,,
10075,2014,3,16,21.0,CHILE:  IQUIQUE,-19.981,-70.702,6.7,7.0,1.0,,5555.0,,True,,,1.0,,CHILE,160,16.0,,,,,,,,,20.0,29.6,6.7,,,,,,,,,,,,,,,
874,1615,9,16,,CHILE:  ARICA,-18.5,-70.35,7.5,10.0,2.0,,230.0,,True,,,2.0,,CHILE,160,,,,,,2.0,,,2.0,,,,,7.5,,,,,,,,,,,,,
1748,1831,10,9,2.0,"CHILE: PERU:  TACNA,ARICA,AREQUIPA",-18.5,-71.0,7.8,7.0,1.0,,,,True,,,,,CHILE,160,15.0,,2.0,,,,,,,,,,,7.8,,,,,,,,,,,,,
2779,1906,8,17,0.0,CHILE:  SOUTH CENTRAL,-33.0,-72.0,8.2,11.0,4.0,,1339.0,8.4,True,4000.0,4.0,4.0,,CHILE,160,40.0,4000.0,4.0,,,,,,,25.0,,8.2,,,100.0,,100.0,,,,,,,,,,
3402,1929,10,19,10.0,CHILE,-23.0,-69.0,7.5,,,,,,True,,,,,CHILE,160,12.0,,,,,,,,,100.0,0.0,,,7.5,,,,,,,,,,,,,
3961,1950,12,9,21.0,CHILE-ARGENTINA,-23.5,-67.5,8.0,7.0,,,,8.0,True,1.0,1.0,,,CHILE,160,38.0,1.0,1.0,,2.0,,,2.0,,100.0,48.0,,,,,,,,,,,,,,,,
4257,1962,2,14,6.0,CHILE:  CENTRAL,-37.8,-72.5,7.3,,2.0,,,,True,,,,,CHILE,160,36.0,,,,,,,,,45.0,0.0,,,7.3,,,,,,,,,,,,,
6060,1847,10,8,,CHILE:  COQUIMBO,-31.61,-71.18,7.3,8.0,1.0,1.0,,7.3,True,,1.0,1.0,1.0,CHILE,160,,,1.0,,,,,,,,,,,,,,,,,,,,,,,,
6256,1911,9,15,13.0,CHILE:  NORTHERN,-20.0,-72.0,7.3,,,,1398.0,7.3,True,,,,,CHILE,160,10.0,,,,,,,,,,,,,,,,,,,,,,,,,,
6302,1927,11,21,23.0,CHILE:  SOUTHERN,-44.6,-73.0,7.1,,,,1586.0,7.1,True,,,,,CHILE,160,12.0,,,,,,,,,33.0,25.0,,,,,,,,,,,,,,,,
6412,1965,3,22,22.0,CHILE:  CENTRAL,-31.81,-71.26,6.0,6.0,,,1966.0,6.0,True,,,,,CHILE,160,56.0,,,,,,,,,58.0,28.0,,,,,,,,,,,,,,,,
6444,1974,8,18,10.0,"CHILE:  LA UNION, VALDIVIA",-38.5,-73.4,7.1,6.0,1.0,,2066.0,7.1,True,,,1.0,,CHILE,160,44.0,,,,,,,,,36.0,12.8,,5.9,,,,,,,,,,,,,,
6560,1851,5,26,18.0,CHILE:  COPIAPO,-27.35,-70.35,7.2,10.0,3.0,3.0,783.0,7.2,True,,,2.0,3.0,CHILE,160,14.0,,,,,,,,,,,,,,,,,,,,,,,,,,
6588,1950,1,30,0.0,CHILE:  SOUTHERN,-53.5,-71.5,7.0,6.0,,,1803.0,7.0,True,,1.0,,,CHILE,160,56.0,,1.0,,,,,,,33.0,32.0,,,,,,,,,,,,,,,,
6606,1995,11,1,0.0,CHILE:  NEAR CENTRAL COAST,-28.906,-71.417,6.7,,,,2255.0,6.4,True,,,,,CHILE,160,35.0,,,,,,,,,20.0,32.7,6.7,6.3,,,,,,,,,,,,,,
9932,2012,5,14,10.0,CHILE:  ARICA; PERU:  TACNA,-17.678,-69.591,6.3,,1.0,,,,True,,,1.0,,CHILE,160,0.0,,,,,,,,,10.0,40.2,6.3,6.4,,,,,,,,,,,,,,
10008,1868,8,14,1.0,CHILE:  ARICA,-18.6,-71.0,8.5,,,,5484.0,8.5,True,,,,,CHILE,160,30.0,,,,,,,,,,,,,,,,,,,,,,,,,,
10414,2019,6,14,0.0,CHILE:  COQUIMBO,-30.056,-72.082,6.4,,,,5710.0,,True,,,,,CHILE,160,19.0,,,,,,,,,11.0,12.0,6.4,,,,,,,,,,,,,,,
10115,2014,10,9,2.0,CHILE: EASTER ISLAND REGION,-32.108,-110.811,7.0,,,,5577.0,,True,,,,,CHILE,160,14.0,,,,,,,,,17.0,31.4,7.0,,,,,,,,,,,,,,,
1636,1819,4,4,20.0,CHILE:  COPIAPO,-27.4,-70.3,8.0,,3.0,3.0,,,True,,3.0,3.0,3.0,CHILE,160,0.0,,3.0,,,,,,,,,,,8.0,,,,,,,,,,,,,
1730,1829,9,26,19.0,CHILE:  VALPARAISO,-33.05,-71.63,7.0,11.0,1.0,,673.0,7.0,True,,1.0,1.0,,CHILE,160,12.0,,1.0,,,,,,,,,,,,,,,,,,,,,,,,
3525,1933,11,3,4.0,CHILE,-22.0,-70.5,5.5,10.0,,,,,True,,,,,CHILE,160,14.0,,,,,,,,,70.0,0.0,,,5.5,,,,,,,,,,,,,
3926,1949,12,17,6.0,CHILE:  TIERRA DEL FUEGO,-54.0,-71.0,7.8,,1.0,,5202.0,7.8,True,1.0,1.0,1.0,,CHILE,160,53.0,1.0,1.0,,,,,,,33.0,30.0,,,,,,,,,,,,,,,,
4033,1953,12,7,2.0,CHILE:  NORTHERN,-22.1,-68.7,7.4,,3.0,,,,True,,,,,CHILE,160,5.0,3.0,1.0,,,,,,,128.0,0.0,,,7.4,7.31,,,,,,,,,,,,
4073,1955,4,19,20.0,CHILE,-30.0,-72.0,7.1,6.0,,,1849.0,7.1,True,1.0,1.0,1.0,1.0,CHILE,160,24.0,,,,,,,,,30.0,5.0,,,,,,,,,,,,,,,,
4690,1975,5,10,14.0,CHILE:  CENTRAL,-38.18,-73.23,7.7,,2.0,,,7.7,True,,,,,CHILE,160,27.0,,,,,,,,,6.0,38.7,,6.5,7.8,,,,,,,,,,,,,
6273,1920,8,20,16.0,CHILE:  OFF COAST CENTRAL,-38.0,-73.5,7.0,,2.0,2.0,1485.0,7.0,True,,,2.0,2.0,CHILE,160,15.0,,,,,2.0,,,2.0,15.0,38.0,,,,,,,,,,,,,,,,
6318,1926,12,9,22.0,CHILE:  VALLENAR,-28.0,-71.0,6.0,,,,1573.0,6.0,True,,,,,CHILE,160,38.0,,,,,,,,,33.0,48.0,,,,,,,,,,,,,,,,
6340,1939,4,18,6.0,CHILE:  NORTH CENTRAL,-27.0,-70.5,7.4,,,,1732.0,7.4,True,,,,,CHILE,160,22.0,,,,,,,,,100.0,45.0,,,,,,,,,,,,,,,,
6411,1965,2,23,22.0,CHILE:  NORTHERN,-25.67,-70.63,7.0,,,,1965.0,7.0,True,,,,,CHILE,160,11.0,,,,,,,,,36.0,46.0,,,,,,,,,,,,,,,,
6473,1988,2,5,14.0,CHILE:  TALTAL,-24.753,-70.433,6.7,,1.0,,2180.0,6.7,True,,,1.0,,CHILE,160,1.0,,,,,,,,,37.0,2.7,,6.2,,,,,,,,,,,,,,
8912,2010,3,11,14.0,CHILE:  RANCAGUA,-34.29,-71.891,6.9,,1.0,,4722.0,7.0,True,,,1.0,,CHILE,160,39.0,,,,,,,,,11.0,43.9,6.9,6.7,,,,,,,,,,,,,,
10450,2019,9,26,16.0,CHILE:  SOUTH CENTRAL,-40.815,-72.002,6.1,,,,,,True,1.0,1.0,,,CHILE,160,36.0,1.0,1.0,,,,,,,129.0,18.0,6.1,,,,,,,,,,,,,,,
10451,2019,9,29,15.0,CHILE:  CONCEPCION,-35.473,-73.162,6.8,,,,,,True,1.0,1.0,,,CHILE,160,57.0,1.0,1.0,,,,,,,11.0,53.0,6.8,,,,,,,,,,,,,,,
744,1562,10,28,10.0,CHILE,-38.7,-73.5,8.0,11.0,3.0,,178.0,8.0,True,,3.0,3.0,,CHILE,160,,,,,,,,,,,,,,,,,,,,,,,,,,,
1003,1657,3,15,23.0,"CHILE:  CONCEPCION, CHILLAN",-36.83,-73.03,8.0,11.0,3.0,3.0,281.0,8.0,True,40.0,1.0,3.0,3.0,CHILE,160,30.0,,1.0,,,,,,,,,,,,,,,,,,,,,,,,
1246,1730,7,8,8.0,CHILE:  VALPARAISO,-32.5,-71.5,9.1,11.0,3.0,3.0,400.0,8.7,True,5.0,1.0,3.0,3.0,CHILE,160,45.0,2.0,1.0,,,,,,,,,9.1,,,,,,,,,,,,,,,
1272,1737,12,24,,"CHILE: VALDIVIA, CHILOE",-43.0,-74.0,8.0,11.0,2.0,2.0,415.0,8.0,True,,2.0,2.0,2.0,CHILE,160,,,2.0,,,,,,,,,,,,,,,,,,,,,,,,
1800,1837,11,7,12.0,CHILE:  VALDIVIA,-42.5,-74.0,8.5,10.0,3.0,3.0,708.0,8.5,True,16.0,1.0,3.0,3.0,CHILE,160,51.0,,,,,,,,,,,,,,,,,,,,,,,,,,
3202,1922,11,11,4.0,CHILE:  ATACAMA,-28.293,-69.852,8.5,11.0,3.0,3.0,1505.0,8.3,True,700.0,3.0,3.0,3.0,CHILE,160,32.0,500.0,3.0,,,,,,,70.0,51.0,8.5,,,,,,,,,,,,,,,
3632,1939,1,25,3.0,CHILE:  CHILLAN,-36.25,-72.25,8.3,10.0,4.0,4.0,1729.0,8.3,True,30000.0,4.0,4.0,4.0,CHILE,160,32.0,30000.0,4.0,,,,,,,60.0,14.0,,,,920.0,,920.0,,,,,,,,,,
3827,1946,8,2,19.0,CHILE:  NORTHERN,-26.5,-70.5,7.9,,3.0,,1764.0,7.9,True,2.0,1.0,3.0,,CHILE,160,18.0,2.0,1.0,,,,,,,60.0,48.0,,,,,,,,,,,,,,,,
3901,1949,4,20,3.0,"CHILE:  ANGOL, TRAIGUEN",-38.0,-73.5,7.3,,2.0,,1792.0,7.3,True,57.0,2.0,2.0,,CHILE,160,29.0,57.0,2.0,,,,,,,70.0,7.0,,,,,,,,,,,,,,,,
4930,1981,10,16,3.0,"CHILE:  OFF CENTRAL COAST, LAS CRUCES",-33.134,-73.074,7.5,6.0,,,,7.5,True,1.0,1.0,,,CHILE,160,25.0,1.0,1.0,,,,,,,33.0,42.2,,6.2,,,,,,,,,,,,,,
5056,1985,3,3,22.0,"CHILE:  CENTRAL COAST, SAN ANTONIO, VALPARAISO",-33.132,-71.708,8.0,8.0,4.0,4.0,2158.0,7.8,True,180.0,3.0,4.0,4.0,CHILE,160,47.0,180.0,3.0,2575.0,4.0,,2575.0,4.0,,40.0,9.5,8.0,6.7,,1500.0,,1500.0,,,,,,,,,,
5062,1985,4,9,1.0,"CHILE:  NEAR CENTRAL COAST, SANTIAGO-VALPARAISO",-34.131,-71.618,7.5,6.0,2.0,,,7.5,True,2.0,1.0,,,CHILE,160,56.0,2.0,1.0,,2.0,,,2.0,,38.0,59.4,,6.3,7.0,,,,,,,,,,,,,
6081,1928,11,20,20.0,CHILE:  NORTHERN,-22.5,-70.5,7.1,,,,1608.0,7.1,True,,,,,CHILE,160,35.0,,,,,,,,,33.0,7.0,,,,,,,,,,,,,,,,
6390,1960,11,1,8.0,CHILE:  CONCEPCION,-38.5,-75.1,7.4,,1.0,,1906.0,7.4,True,,1.0,1.0,,CHILE,160,45.0,,1.0,,,,,,,55.0,59.0,,,,,,,,,,,,,,,,
6402,1961,10,18,16.0,"CHILE:  VALDIVIA, CURICO",-36.7,-73.0,6.5,,1.0,,1926.0,6.5,True,,1.0,1.0,,CHILE,160,51.0,,1.0,,,,,,,15.0,57.0,,,,,,,,,,,,,,,,
6447,1975,3,13,15.0,"CHILE:  COQUIMBO, LA SERENA",-29.9,-71.3,6.9,8.0,1.0,,2074.0,6.9,True,2.0,1.0,1.0,,CHILE,160,26.0,2.0,1.0,25.0,1.0,,25.0,1.0,,4.0,42.5,,6.2,,,,,,,,,,,,,,
6500,1996,9,5,8.0,CHILE:  EASTER ISLAND REGION,-22.118,-113.436,6.9,,,,2266.0,7.0,True,,,,,CHILE,160,14.0,,,,,,,,,10.0,14.4,6.9,6.2,,,,,,,,,,,,,,
7465,2007,4,21,17.0,CHILE:  SOUTHERN,-45.243,-72.648,6.2,7.0,1.0,,3044.0,6.3,True,10.0,1.0,1.0,,CHILE,160,53.0,2.0,1.0,,,1.0,,,1.0,37.0,46.3,6.2,6.1,,,,,,2.0,2.0,,,,,,,
7634,2007,11,14,15.0,"CHILE:  TOCOPILLA, MARIA ELENA",-22.247,-69.89,7.7,8.0,3.0,4.0,3293.0,7.4,True,2.0,1.0,3.0,4.0,CHILE,160,40.0,2.0,1.0,65.0,2.0,,65.0,2.0,,40.0,50.5,7.7,6.7,,,,,,,,,,,,,,
7723,2007,12,15,18.0,"CHILE:  OFF CENTRAL COAST, VINA DEL MAR, VALPARAISO",-32.689,-71.695,5.9,,1.0,1.0,,5.7,True,,,1.0,1.0,CHILE,160,22.0,,,4.0,1.0,,4.0,1.0,,25.0,27.1,5.9,5.5,,,,,,,,6.0,,,,,,
10224,2016,12,25,14.0,CHILE,-43.517,-74.391,7.6,7.0,1.0,,5637.0,,True,,,1.0,,CHILE,160,22.0,,,,,,,,,30.0,0.0,7.6,,,,,,,,,,,,,,,
10522,2020,12,27,21.0,CHILE:  OFF COAST CENTRAL,-39.343,-74.99,6.7,5.0,,,5760.0,,True,,,,,CHILE,160,39.0,,,,,,,,,10.0,14.0,6.7,,,,,,,,,,,,,,,
767,1575,12,16,18.0,CHILE:  VALDIVIA,-39.8,-73.2,8.5,10.0,3.0,,185.0,8.5,True,1321.0,4.0,3.0,2.0,CHILE,160,30.0,21.0,1.0,,,,,,,,,,,,,,,,,,,,,,,,
970,1647,5,14,2.0,CHILE:  SANTIAGO,-33.4,-70.6,8.5,11.0,4.0,3.0,,8.5,True,1000.0,3.0,4.0,3.0,CHILE,160,30.0,1000.0,3.0,,,,,,,,,,,,,300.0,,300.0,,,,,,,,,
1533,1796,3,30,10.0,"CHILE:  COPIAPO, VALLENAR, HUASCO, COQUIMBO",-27.35,-70.35,7.7,11.0,2.0,3.0,,,True,,1.0,2.0,3.0,CHILE,160,45.0,,1.0,,,,,,,,,,,7.7,,,,,,,,,,,,,
1635,1819,4,3,14.0,CHILE:  COPIAPO,-27.4,-70.3,8.0,,2.0,2.0,,,True,,,2.0,2.0,CHILE,160,0.0,,,,,,,,,,,,,8.0,,,,,,,,,,,,,
1902,1849,11,17,10.0,CHILE:  COQUIMBO,-29.95,-71.37,7.5,8.0,1.0,,772.0,7.5,True,,1.0,1.0,,CHILE,160,10.0,,1.0,,,1.0,,,1.0,,,,,,,,,,,,,,,,,,
2289,1880,8,15,12.0,CHILE:  ILLAPEL,-31.62,-71.18,7.7,10.0,3.0,3.0,1118.0,7.7,True,2.0,1.0,3.0,3.0,CHILE,160,48.0,2.0,1.0,,,,,,,,,,,,,600.0,,600.0,,,,,,,,,
4227,1960,5,22,19.0,"CHILE:  PUERTO MONTT, VALDIVIA",-38.143,-73.407,9.5,12.0,4.0,4.0,1902.0,8.5,True,2226.0,4.0,4.0,4.0,CHILE,160,11.0,2000.0,4.0,3000.0,4.0,,3000.0,4.0,,33.0,17.0,9.5,,,1000.0,58622.0,1000.0,58622.0,,,,4153.0,,,,,
4345,1965,3,28,16.0,CHILE:  CENTRAL,-32.4,-71.2,7.3,,4.0,,,,True,,,,,CHILE,160,33.0,400.0,3.0,,,,,,,61.0,0.0,,,7.3,125.0,,,,,,,,,,,,
6093,1931,3,18,8.0,CHILE:  CENTRAL,-32.5,-72.0,7.1,,,,1640.0,7.1,True,,,,,CHILE,160,2.0,,,,,,,,,33.0,23.0,,,,,,,,,,,,,,,,
6421,1967,11,15,21.0,CHILE:  NORTHERN,-28.78,-71.19,5.9,,,,1991.0,5.9,True,,,,,CHILE,160,32.0,,,,,,,,,35.0,54.0,,,,,,,,,,,,,,,,
6546,1957,7,29,17.0,CHILE:  ANTOFAGASTA,-23.5,-71.5,7.0,3.0,,,1871.0,7.0,True,,,,,CHILE,160,15.0,,,,,,,,,33.0,14.0,,,,,,,,,,,,,,,,
9920,2012,3,25,22.0,"CHILE:  PARRAL, SANTIAGO",-35.2,-72.217,7.2,,1.0,,,7.0,True,1.0,1.0,1.0,,CHILE,160,37.0,1.0,1.0,14.0,1.0,2.0,14.0,1.0,2.0,41.0,6.0,7.2,6.5,,,,,,,,,,,,,,
10244,2017,4,24,21.0,CHILE:  VALPARAISO,-33.038,-72.062,6.9,9.0,,,5647.0,,True,,,,,CHILE,160,39.0,,,,,,,,,28.0,22.0,6.9,6.3,,,,,,,,,,,,,,
1638,1819,4,12,3.0,CHILE:  COPIAPO,-27.0,-71.5,8.5,10.0,3.0,3.0,626.0,,True,,1.0,3.0,3.0,CHILE,160,0.0,,1.0,,,,,,,,,,,,,,,,,,,,8.5,,,,
2253,1878,1,23,12.0,CHILE:  TARAPACA,-19.92,-70.335,7.9,8.0,3.0,3.0,1090.0,7.9,True,,1.0,3.0,3.0,CHILE,160,5.0,,1.0,,,,,,,40.0,,,,,,,,,,,,,,,,,
3129,1918,12,4,11.0,CHILE:  COPIAPO,-26.0,-71.0,7.8,,3.0,3.0,1461.0,7.8,True,,1.0,3.0,3.0,CHILE,160,47.0,,1.0,,,,,,,,48.0,,,,,,,,,,,,,,,,
4383,1966,12,28,8.0,"CHILE:  TALTAL, CATALINA",-25.5,-70.7,7.8,8.0,1.0,3.0,1984.0,7.8,True,3.0,1.0,1.0,3.0,CHILE,160,18.0,3.0,1.0,6.0,1.0,,6.0,1.0,,47.0,7.4,,,,0.4,,0.4,,,,,,,,,,
4644,1973,10,5,5.0,"CHILE:  VALPARAISO, LA LIGUA, SANTIAGO",-32.5,-71.5,6.7,7.0,2.0,,2062.0,6.7,True,,,,,CHILE,160,47.0,,,,,,,,,14.0,51.1,,5.8,,,,,,,,,,,,,,
4755,1976,11,30,0.0,"CHILE:  POZO ALMONTE, OFICINA VICTORIA, ARICA",-20.52,-68.92,7.3,8.0,2.0,,,,True,1.0,1.0,2.0,,CHILE,160,40.0,1.0,1.0,13.0,1.0,3.0,13.0,1.0,3.0,82.0,57.8,,7.3,7.3,,,,,,,,,,,,,
4991,1983,10,4,18.0,CHILE:  NORTHERN:  COPOAPO-CHANARAL,-26.535,-70.563,7.3,7.0,2.0,1.0,2149.0,7.3,True,5.0,1.0,2.0,1.0,CHILE,160,52.0,5.0,1.0,12.0,1.0,,12.0,1.0,,15.0,13.3,,6.4,,1.0,40.0,1.0,40.0,,,,,,,,,
5742,1934,12,4,17.0,"CHILE:  IQUIQUE, PISAGUA, SAPIGA, NEGRERO",-19.5,-69.5,6.9,,2.0,3.0,1676.0,6.9,True,,,2.0,3.0,CHILE,160,24.0,,,,2.0,,,2.0,,130.0,38.0,,,,,,,,,,,,,,,,
5988,1687,7,12,,CHILE:  SANTIAGO,-32.8,-70.7,7.5,8.0,1.0,1.0,335.0,7.5,True,,1.0,1.0,1.0,CHILE,160,,,1.0,,,,,,,,,,,,,,,,,,,,,,,,
6091,1930,12,29,8.0,CHILE:  NORTHERN,-28.5,-71.0,6.0,,,,1634.0,6.0,True,,,,,CHILE,160,26.0,,,,,,,,,,24.0,,,,,,,,,,,,,,,,
6357,1948,12,26,7.0,CHILE:  ANTOFAGASTA,-22.5,-69.0,7.0,7.0,,,1786.0,7.0,True,,,,,CHILE,160,12.0,,,,,,,,,100.0,21.0,,,,,,,,,,,,,,,,
6440,1972,6,8,18.0,CHILE:  CENTRAL,-30.5,-71.8,6.6,7.0,,,2048.0,6.6,True,,,,,CHILE,160,53.0,,,,,,,,,39.0,41.7,,6.2,,,,,,,,,,,,,,
6630,1967,12,21,2.0,CHILE:  NORTHERN,-21.7,-69.5,7.5,,2.0,2.0,1994.0,7.5,True,1.0,1.0,2.0,2.0,CHILE,160,25.0,1.0,1.0,,3.0,,,3.0,,33.0,23.0,,,,,,,,,,,,,,,,
10156,2015,9,16,22.0,CHILE:  CENTRAL,-31.573,-71.674,8.3,9.0,4.0,4.0,5590.0,,True,15.0,1.0,4.0,4.0,CHILE,160,55.0,7.0,1.0,14.0,1.0,4.0,14.0,1.0,4.0,22.0,26.0,8.3,,,600.0,2305.0,600.0,2305.0,10044.0,10044.0,,,,1.0,1.0,1.0,1.0
10162,2015,11,11,1.0,CHILE:  LA SERENA,-29.439,-72.105,6.9,7.0,,,5592.0,,True,,,,,CHILE,160,54.0,,,,,,,,,10.0,37.0,6.9,,,,,,,,,,,,,,,
10318,2017,8,2,7.0,CHILE:  SANTIAGO,-33.201,-70.614,5.4,,,,,,True,1.0,1.0,,,CHILE,160,15.0,1.0,1.0,,,,,,,99.0,0.0,5.4,,,,,,,,,,,,,,,
1090,1681,3,10,,CHILE,-18.5,-70.35,7.5,10.0,,,329.0,7.5,True,,,,,CHILE,160,,,,,,,,,,,,,,,,,,,,,,,,,,,
1776,1835,2,20,16.0,CHILE:  CONCEPCION,-36.83,-73.03,8.2,11.0,4.0,3.0,689.0,8.2,True,53.0,2.0,4.0,3.0,CHILE,160,22.0,50.0,1.0,500.0,3.0,,500.0,3.0,3.0,,,,,,,,,,,,,,,30.0,1.0,30.0,1.0
2040,1859,10,5,12.0,CHILE,-27.35,-70.35,7.6,10.0,1.0,3.0,888.0,7.6,True,10.0,1.0,2.0,3.0,CHILE,160,0.0,10.0,1.0,,,,,,,,,,,,0.93,339.0,,339.0,,,,,,,,,
3112,1918,5,20,17.0,CHILE:  NORTHERN,-28.5,-71.5,7.9,,,,1453.0,7.9,True,,,,,CHILE,160,55.0,,,,,,,,,80.0,10.0,,,,,,,,,,,,,,,,
3927,1949,12,17,15.0,CHILE:  TIERRA DEL FUEGO,-54.0,-71.0,7.8,,1.0,,1801.0,7.8,True,3.0,1.0,1.0,,CHILE,160,7.0,3.0,1.0,,,,,,,33.0,55.0,,,,,,,,,,,,,,,,
4175,1958,9,4,21.0,CHILE-ARGENTINA,-33.785,-70.112,6.8,,3.0,,,6.8,True,,,,,CHILE,160,51.0,7.0,1.0,,,,,,,,16.9,,,,,,,,,,,,,,,,
4572,1971,7,9,3.0,CHILE:  CENTRAL,-32.5,-71.2,7.8,9.0,4.0,3.0,2033.0,7.5,True,83.0,2.0,4.0,3.0,CHILE,160,3.0,83.0,2.0,447.0,3.0,,447.0,3.0,,58.0,18.7,7.8,6.6,,236.4,,236.4,,,,,,,,,,
4812,1978,8,3,18.0,CHILE:  NORTHERN:  COPIAPO-TALTAI,-26.51,-70.54,7.0,9.0,3.0,,,,True,,,,,CHILE,160,11.0,,,13.0,1.0,,,,,58.0,17.1,,7.0,6.7,,,,,,,,,,,,,
5138,1987,8,8,15.0,"CHILE:  ARICA, IQUIQUE",-19.022,-69.991,6.9,7.0,2.0,3.0,,6.9,True,5.0,1.0,2.0,3.0,CHILE,160,48.0,5.0,1.0,112.0,3.0,,112.0,3.0,,70.0,56.7,,6.4,,1.0,1000.0,1.0,1000.0,,,,,,,,,
5630,2002,4,18,16.0,"CHILE:  COPIAPO, TALTAL",-27.535,-70.586,6.6,,2.0,1.0,,,True,,,2.0,1.0,CHILE,160,8.0,,,19.0,1.0,3.0,19.0,1.0,3.0,62.0,36.7,6.6,6.2,,,34.0,,34.0,575.0,575.0,,,,,,,
5688,2003,6,20,13.0,"CHILE:  OVALLE, COQUIMBO; ARGENTINA:  SAN JUAN",-30.608,-71.637,6.8,6.0,1.0,,,6.8,True,,,1.0,,CHILE,160,30.0,,,1.0,1.0,2.0,1.0,1.0,2.0,33.0,41.6,6.8,6.4,,,,,,,,,,,,,,
5786,2004,6,15,11.0,"CHILE: CARAHUE, IMPERIAL, TEMUCO",-38.854,-73.155,5.9,6.0,1.0,,,5.4,True,,,1.0,,CHILE,160,16.0,,,,,,,,,38.0,31.5,5.9,5.7,,,,,,,,,,,,,,
6417,1965,10,3,16.0,CHILE:  SOUTHERN,-42.9,-75.13,6.5,3.0,,,1979.0,6.5,True,,,,,CHILE,160,14.0,,,,,,,,,28.0,56.0,,,,,,,,,,,,,,,,
6427,1970,6,14,,CHILE:  SOUTHERN,-52.0,-73.8,6.0,,,,2022.0,6.0,True,,,,,CHILE,160,,,,,,,,,,10.0,,,,,,,,,,,,,,,,,
6428,1970,6,19,10.0,CHILE:  NORTHERN,-22.28,-70.55,6.4,,,,2023.0,6.4,True,,,,,CHILE,160,56.0,,,,,,,,,44.0,13.5,,6.1,,,,,,,,,,,,,,
6624,1871,3,25,,CHILE:  CENTRAL,-35.0,-72.5,7.5,,3.0,3.0,1023.0,7.5,True,,,3.0,3.0,CHILE,160,,,,,,,,,,,,,,,,,,,,,,,,,,,
9781,1869,8,21,16.0,CHILE:  IQUIQUE,-21.0,-70.0,6.8,,,,5408.0,6.8,True,,,,,CHILE,160,40.0,,,,,,,,,,,,,,,,,,,,,,,,,,
10079,2014,4,1,23.0,"CHILE:  NORTHERN:  IQUIQUE, ALTO HOSPICIO",-19.61,-70.769,8.2,8.0,4.0,,5557.0,,True,7.0,1.0,4.0,,CHILE,160,46.0,7.0,1.0,,,4.0,,,4.0,25.0,47.3,8.2,,,100.0,,100.0,,2600.0,2600.0,,,,,,,
